id,pop,mother,father,ploidy
W6609-3,0,0,0,4
W12078-76,0,0,0,4
W13NYP102-7,0,0,0,4
W14NYQ4-1,0,0,0,4
W14NYQ9-2,0,0,0,4
W19012-12,1,W12078-76,W13NYP102-7,4
W19012-13,1,W12078-76,W13NYP102-7,4
W19012-14,1,W12078-76,W13NYP102-7,4
W19012-24,1,W12078-76,W13NYP102-7,4
W19012-28,1,W12078-76,W13NYP102-7,4
W19012-3,1,W12078-76,W13NYP102-7,4
W19012-30,1,W12078-76,W13NYP102-7,4
W19012-9,1,W12078-76,W13NYP102-7,4
W19013-1,2,W12078-76,W6609-3,4
W19013-4,2,W12078-76,W6609-3,4
W19013-8,2,W12078-76,W6609-3,4
W19019-2,3,W14NYQ4-1,W12078-76,4
W19020-10,4,W14NYQ4-1,W13NYP102-7,4
W19020-18,4,W14NYQ4-1,W13NYP102-7,4
W19020-2,4,W14NYQ4-1,W13NYP102-7,4
W19020-20,4,W14NYQ4-1,W13NYP102-7,4
W19020-3,4,W14NYQ4-1,W13NYP102-7,4
W19020-5,4,W14NYQ4-1,W13NYP102-7,4
W19020-6,4,W14NYQ4-1,W13NYP102-7,4
W19022-1,5,W14NYQ4-1,W6609-3,4
W19022-12,5,W14NYQ4-1,W6609-3,4
W19022-16,5,W14NYQ4-1,W6609-3,4
W19022-2,5,W14NYQ4-1,W6609-3,4
W19022-23,5,W14NYQ4-1,W6609-3,4
W19022-25,5,W14NYQ4-1,W6609-3,4
W19022-3,5,W14NYQ4-1,W6609-3,4
W19022-5,5,W14NYQ4-1,W6609-3,4
W19022-9,5,W14NYQ4-1,W6609-3,4
W19024-15,6,W14NYQ9-2,W12078-76,4
W19024-16,6,W14NYQ9-2,W12078-76,4
W19024-17,6,W14NYQ9-2,W12078-76,4
W19024-18,6,W14NYQ9-2,W12078-76,4
W19024-20,6,W14NYQ9-2,W12078-76,4
W19024-22,6,W14NYQ9-2,W12078-76,4
W19024-23,6,W14NYQ9-2,W12078-76,4
W19024-29,6,W14NYQ9-2,W12078-76,4
W19024-6,6,W14NYQ9-2,W12078-76,4
W19023-11,7,W14NYQ9-2,W13NYP102-7,4
W19023-14,7,W14NYQ9-2,W13NYP102-7,4
W19023-17,7,W14NYQ9-2,W13NYP102-7,4
W19023-2,7,W14NYQ9-2,W13NYP102-7,4
W19023-20,7,W14NYQ9-2,W13NYP102-7,4
W19023-21,7,W14NYQ9-2,W13NYP102-7,4
W19023-24,7,W14NYQ9-2,W13NYP102-7,4
W19023-26,7,W14NYQ9-2,W13NYP102-7,4
W19023-4,7,W14NYQ9-2,W13NYP102-7,4
W19023-7,7,W14NYQ9-2,W13NYP102-7,4
W19023-8,7,W14NYQ9-2,W13NYP102-7,4
W19026-1,8,W14NYQ9-2,W14NYQ4-1,4
W19026-10,8,W14NYQ9-2,W14NYQ4-1,4
W19026-11,8,W14NYQ9-2,W14NYQ4-1,4
W19026-12,8,W14NYQ9-2,W14NYQ4-1,4
W19026-13,8,W14NYQ9-2,W14NYQ4-1,4
W19026-14,8,W14NYQ9-2,W14NYQ4-1,4
W19026-16,8,W14NYQ9-2,W14NYQ4-1,4
W19026-20,8,W14NYQ9-2,W14NYQ4-1,4
W19026-21,8,W14NYQ9-2,W14NYQ4-1,4
W19026-3,8,W14NYQ9-2,W14NYQ4-1,4
W19026-7,8,W14NYQ9-2,W14NYQ4-1,4
W19026-8,8,W14NYQ9-2,W14NYQ4-1,4
W19027-10,9,W14NYQ9-2,W6609-3,4
W19027-12,9,W14NYQ9-2,W6609-3,4
W19027-13,9,W14NYQ9-2,W6609-3,4
W19027-14,9,W14NYQ9-2,W6609-3,4
W19027-17,9,W14NYQ9-2,W6609-3,4
W19027-19,9,W14NYQ9-2,W6609-3,4
W19027-32,9,W14NYQ9-2,W6609-3,4
W19027-33,9,W14NYQ9-2,W6609-3,4
W19027-37,9,W14NYQ9-2,W6609-3,4
W19027-39,9,W14NYQ9-2,W6609-3,4
W19027-4,9,W14NYQ9-2,W6609-3,4
W19027-40,9,W14NYQ9-2,W6609-3,4
W19027-46,9,W14NYQ9-2,W6609-3,4
W19027-50,9,W14NYQ9-2,W6609-3,4
W19027-51,9,W14NYQ9-2,W6609-3,4
W19027-52,9,W14NYQ9-2,W6609-3,4
W19027-53,9,W14NYQ9-2,W6609-3,4
W19027-55,9,W14NYQ9-2,W6609-3,4
W19027-58,9,W14NYQ9-2,W6609-3,4
W19027-7,9,W14NYQ9-2,W6609-3,4
W19028-17,10,W6609-3,W13NYP102-7,4
W19028-2,10,W6609-3,W13NYP102-7,4
W19028-23,10,W6609-3,W13NYP102-7,4
W19028-32,10,W6609-3,W13NYP102-7,4
W19028-6,10,W6609-3,W13NYP102-7,4