id,env,block,total.yield,vine.maturity,spec.grav,fry.color,stand.count
A09037-6C,Hancock15,1,70.3,5,1.083,53.9,15
AAF07847-2,Hancock15,1,77.6,8,1.078,49,15
AF5387-2,Hancock15,1,52.4,6,1.068,43.9,15
AF5392-8,Hancock15,1,63,6,1.086,49.9,15
AF5393-1,Hancock15,1,52.8,8,1.084,51.9,15
AF5429-3,Hancock15,1,91.9,6,1.072,53.4,14
AF5444-1,Hancock15,1,69.3,6,1.083,44.8,15
AF5445-2,Hancock15,1,101.9,6,1.108,45.5,15
AF5450-7,Hancock15,1,88.6,8,1.079,44.6,15
AF5484-3,Hancock15,1,76.1,7,1.087,52.2,15
AF5563-12,Hancock15,1,52.2,7,1.084,54.6,15
AF5569-11,Hancock15,1,43.3,6,1.09,48.8,15
AF5573-5,Hancock15,1,66.4,7,1.087,51.5,15
AF5583-3,Hancock15,1,67,7,1.088,51.9,15
AFW5616-1,Hancock15,1,54.7,3,1.086,55.4,12
AFW5622-1,Hancock15,1,65.8,6,1.074,51.9,12
AFW5662-1,Hancock15,1,83.3,8,1.08,50.2,12
AFW5666-4,Hancock15,1,57.7,6,1.073,54.7,12
AOR09034-3,Hancock15,1,80.1,5,1.075,52,15
Atlantic,Hancock15,1,66.7,6,1.099,49.2,15
Atlantic,Hancock15,1,66.8,7,1.093,48.6,15
AW11950-1,Hancock15,1,82.5,7,1.074,43,12
B3005-6,Hancock15,1,58.3,2,1.078,46.7,15
B3005-8,Hancock15,1,41.6,1,1.09,52.4,15
B3012-1,Hancock15,1,72.9,2,1.075,55,15
B3013-1,Hancock15,1,58.5,4,1.089,47.9,15
B3042-1,Hancock15,1,63.5,6,1.092,52.1,15
BNC362-2,Hancock15,1,61,3,1.087,48.6,15
BNC364-1,Hancock15,1,66.9,6,1.096,43.8,15
BNC372-3,Hancock15,1,65.5,5,NA,46.3,15
BTD0273-1,Hancock15,1,53,5,1.078,49.2,15
COTX10076-1W,Hancock15,1,84.2,8,1.073,57.6,13
COTX10076-7W,Hancock15,1,58.9,8,1.08,54.6,15
FW16326-1,Hancock15,1,67,4,1.083,53.2,12
FW16326-2,Hancock15,1,68.5,4,1.072532699,53.2,12
HuronChipper,Hancock15,1,65.4,8,1.082,49.9,15
Lamoka,Hancock15,1,60.4,6,1.086,57.9,15
Lamoka,Hancock15,1,55.5,7,1.08,53,15
MST202-5,Hancock15,1,44.4,2,1.076,44.7,15
MST306-1,Hancock15,1,44.9,3,1.081,41,15
MSV016-2,Hancock15,1,53,7,1.095,41.2,15
MSV033-01,Hancock15,1,64.2,9,1.074,53,15
MSV246-1,Hancock15,1,68.7,5,1.077,51.8,15
MSV284-1,Hancock15,1,63.8,2,1.071,45.8,15
MSV292-1Y,Hancock15,1,42.2,6,1.066,42.2,15
MSV301-2,Hancock15,1,63,4,1.092,58.1,15
MSV307-2,Hancock15,1,71.4,4,1.085,55.9,15
MSV313-2,Hancock15,1,92,7,1.09,45.9,15
MSV380-1,Hancock15,1,48.3,6,1.087,51.8,15
MSV383-B,Hancock15,1,73.3,4,1.085,55.1,15
MSV393-1,Hancock15,1,44.2,6,1.079,42.1,13
MSV434-1Y,Hancock15,1,54.7,2,1.075,55.1,13
MSV440-6,Hancock15,1,53.2,5,1.069,36.2,15
MSV507-040,Hancock15,1,74.9,7,1.099,51.3,15
MSV507-056,Hancock15,1,60,6,1.083,59.2,14
MSW044-1,Hancock15,1,72.7,7,1.081,53.6,15
MSW075-1,Hancock15,1,85.7,7,1.076,58.9,15
MSW134-1,Hancock15,1,85.6,7,1.103,53,15
MSW138-02,Hancock15,1,53.6,7,1.075,47.7,15
MSW168-2,Hancock15,1,65.8,9,1.087,51.1,12
MSW299-2,Hancock15,1,68,6,1.075,59,15
MSW505-2,Hancock15,1,62,5,1.09,50.6,15
MSX240-3,Hancock15,1,81.6,7,1.079,50.4,15
MSZ219-01,Hancock15,1,28.4,7,1.08,50.1,15
MSZ222-19,Hancock15,1,43.3,7,1.073,50.9,15
NC252-49,Hancock15,1,57.1,9,1.096,41.9,15
NC329-9,Hancock15,1,54.8,8,1.094,49.4,15
NC363-4,Hancock15,1,61.7,9,1.075,52.6,15
NC371-3,Hancock15,1,56.3,6,1.085,48.3,15
NC371-7,Hancock15,1,58.2,4,1.087,56.7,15
ND102809AB-2,Hancock15,1,61.8,7,1.082,55.7,12
ND113376CAb-1,Hancock15,1,62.4,5,1.071,50.6,15
ND113394CAb-2,Hancock15,1,65.2,6,1.089,58.5,15
ND113490C-3,Hancock15,1,59.9,6,1.078,54.8,15
ND113493C-1,Hancock15,1,60.9,4,1.08,52.9,15
ND113512ABC-7,Hancock15,1,56,3,1.072,42.9,12
NDTX102461AB-4W,Hancock15,1,55.3,5,1.08,50.4,15
NDTX102640Cb-1W,Hancock15,1,64.6,6,1.081,57.9,15
NDTX113059-1W,Hancock15,1,67.7,5,1.076,56,15
NDTX113218C-2W,Hancock15,1,39.4,1,1.067,55.4,15
NDTX113218C-3W,Hancock15,1,42,1,1.07,52.1,15
NDTX113266C-1W,Hancock15,1,54.5,4,1.087,52,15
NDTX113277-1W,Hancock15,1,55.9,1,1.078,53.6,15
NY163,Hancock15,1,NA,7,1.084,60.9,15
NYL1-7,Hancock15,1,82.5,6,1.083,56.8,15
NYL17-1,Hancock15,1,61.5,8,1.099,59.9,15
NYL17-3,Hancock15,1,77.4,6,1.094,57.6,15
NYL2-12,Hancock15,1,58.7,4,1.082,55.5,15
NYL8-12,Hancock15,1,83.7,9,1.078,52.4,15
NYL9-6,Hancock15,1,58.7,8,1.105,55.7,15
OR09253-1,Hancock15,1,64,7,1.091,53.9,15
OR09256-2,Hancock15,1,79.9,5,1.078,52.5,15
Snowden,Hancock15,1,73.1,5,1.09,59.3,15
Snowden,Hancock15,1,65.3,5,1.081,56.8,15
TC09403-4W,Hancock15,1,55,4,1.077,45.6,15
W12061-1,Hancock15,1,74.6,5,1.08,53.3,12
W12061-2,Hancock15,1,75.5,5,1.064,54.4,12
W12061-3,Hancock15,1,NA,4,1.077,54.4,7
W12066-2,Hancock15,1,66.4,5,1.082,55,12
W12067-11,Hancock15,1,52.9,7,1.076,53.7,12
W12067-5,Hancock15,1,60.1,6,1.083,52.6,12
W12067-8,Hancock15,1,71.1,8,1.081,56.7,12
W12067-9,Hancock15,1,81,5,1.08,41.9,11
W12069-1,Hancock15,1,91.3,6,1.09,44.4,12
W12069-4,Hancock15,1,86.8,5,1.078,34.9,12
W12070-27,Hancock15,1,72.9,8,1.085,51.6,12
W12071-14,Hancock15,1,71.5,6,1.085,51.4,12
W12074-17,Hancock15,1,64.1,3,1.078,58.9,12
W12074-23,Hancock15,1,80.3,6,1.085,49.3,12
W12074-26,Hancock15,1,77.4,6,1.074,55.3,12
W12074-27,Hancock15,1,67.8,5,1.077,56.8,12
W12074-28,Hancock15,1,69.8,6,1.077,50.2,12
W12074-29,Hancock15,1,81.5,7,1.078,48.6,12
W12074-5,Hancock15,1,63.1,6,1.071,50.6,10
W12074-7,Hancock15,1,63.5,7,1.08,51.3,12
W12074-9,Hancock15,1,94.3,6,1.074,50.5,12
W12075-1,Hancock15,1,73.3,4,1.088,52.4,12
W12078-1,Hancock15,1,58.4,7,1.062,50.7,12
W12078-101,Hancock15,1,68.3,6,1.087,58.8,12
W12078-102,Hancock15,1,70.6,5,1.087,50,12
W12078-11,Hancock15,1,70.9,5,1.076,52.2,12
W12078-13,Hancock15,1,62.7,6,1.09,52.2,12
W12078-2,Hancock15,1,58,8,1.074,56.6,12
W12078-21,Hancock15,1,66.6,6,1.081,57.1,12
W12078-23,Hancock15,1,46.6,5,1.089,59.6,12
W12078-26,Hancock15,1,83.5,8,1.076,52.4,12
W12078-38,Hancock15,1,71.4,5,1.086,53.6,12
W12078-4,Hancock15,1,59.4,7,1.08,52.7,12
W12078-40,Hancock15,1,59.7,9,1.086,57.1,12
W12078-44,Hancock15,1,41.8,7,1.083,49.5,12
W12078-46,Hancock15,1,65.6,6,1.081,53.7,12
W12078-5,Hancock15,1,31.1,6,1.088,53.7,12
W12078-54,Hancock15,1,54.6,7,1.084,54.4,12
W12078-55,Hancock15,1,65.3,6,1.089,52.5,12
W12078-64,Hancock15,1,72.8,6,1.08,51.8,12
W12078-65,Hancock15,1,64.3,5,1.082,39.9,12
W12078-76,Hancock15,1,73.4,8,1.086,50.2,12
W12078-77,Hancock15,1,69.9,6,1.089,56.6,12
W12078-80,Hancock15,1,73.4,7,1.083,52.8,12
W12078-85,Hancock15,1,44.8,5,1.08,59.5,12
W12078-90,Hancock15,1,70.4,4,1.087,50.4,12
W12078-96,Hancock15,1,58.2,7,1.085,50.5,12
W12079-1,Hancock15,1,83.4,6,1.061,55.6,12
W12079-13,Hancock15,1,64.3,9,1.076,55.3,12
W12079-17,Hancock15,1,68.8,7,1.089,50.9,12
W12079-19,Hancock15,1,59.7,5,1.107,58.2,12
W12079-2,Hancock15,1,59.5,8,1.08,58.8,12
W12079-20,Hancock15,1,58.3,4,1.075,44.8,12
W12079-24,Hancock15,1,71.5,6,1.074,52.3,12
W12079-25,Hancock15,1,76.7,7,1.084,60.7,12
W12079-27,Hancock15,1,87.2,7,1.081,53.2,12
W12079-29,Hancock15,1,NA,7,1.07,47.9,7
W12079-34,Hancock15,1,77.5,8,1.073,56.4,12
W12079-36,Hancock15,1,59.1,6,1.065,57.7,12
W12079-38,Hancock15,1,80.5,6,1.077,50.9,12
W12079-9,Hancock15,1,52.5,4,1.088,61,12
W12080-3,Hancock15,1,76.9,7,1.081,54.8,12
W12080-5,Hancock15,1,61.7,4,1.073,55.2,12
W12082-2,Hancock15,1,86.2,7,1.084,56.1,12
W12082-5,Hancock15,1,60.6,5,1.086,53.7,11
W12085-3,Hancock15,1,68.1,5,1.084,50.9,12
W12091-2,Hancock15,1,54.2,3,1.076,54.2,12
W12091-9,Hancock15,1,72.7,6,1.069,50.4,12
W12099-17,Hancock15,1,68.4,3,1.084,58.5,12
W12099-5,Hancock15,1,48.5,1,1.071,44.4,12
W12100-4,Hancock15,1,86.2,7,1.073,42.7,12
W12145-2,Hancock15,1,62.1,5,1.075,57,12
W12154-1,Hancock15,1,72.7,4,1.099,44.8,12
W12NYN10-1,Hancock15,1,76.4,6,1.084,55.4,12
W12NYN10-2,Hancock15,1,85.5,6,1.066,44.1,12
W12NYN2-1,Hancock15,1,62.3,6,1.087,58.4,12
W12NYN2-5,Hancock15,1,70.3,7,1.088,52.2,12
W12NYN20-2,Hancock15,1,71.5,6,1.058,45.7,12
W12NYN25-1,Hancock15,1,72.6,7,1.084,60,12
W12NYN25-2,Hancock15,1,NA,7,1.092,59.9,12
W12NYN28-1,Hancock15,1,46.4,6,1.08,52.7,12
W12NYN37-1,Hancock15,1,86.3,7,1.076,55.4,12
W12NYN39-2,Hancock15,1,92.6,6,1.08,52.2,12
W12NYN40-1,Hancock15,1,64.2,8,1.095,54.5,12
W12NYN40-3,Hancock15,1,84.3,8,1.079,56.7,12
W12NYN40-4,Hancock15,1,67.3,6,1.079,59.1,12
W12NYN52-1,Hancock15,1,82.3,8,1.081,56.2,12
W12NYN56-2,Hancock15,1,61.2,2,1.088,55.9,12
W12NYN7-1,Hancock15,1,70.8,6,1.083,52.2,12
W12NYN7-2,Hancock15,1,69.2,7,1.082,58.5,12
WAF10131-11,Hancock15,1,90.9,7,1.076,41.9,15
WAF10131-19,Hancock15,1,57.8,7,1.078,47.4,15
WAF10664-3,Hancock15,1,83.7,5,1.084,46,15
WTX10640-2W,Hancock15,1,54.7,9,1.081,53.8,15
A00188-3C,Hancock15,2,68.1,8,1.076,47.8,15
A01143-3C,Hancock15,2,109.2,8,1.073,48.4,15
AC01144-1W,Hancock15,2,71.9,6,1.06,46,15
Accumulator,Hancock15,2,92.4,6,1.076,55.7,15
AF4648-2,Hancock15,2,63,8,1.087,50.6,15
AF5033-13,Hancock15,2,38.7,4,1.08,51,15
AF5040-8,Hancock15,2,81,4,1.084,51.1,15
AF5153-11,Hancock15,2,80.9,7,1.075,46.4,15
AF5281-4,Hancock15,2,47.1,4,1.08,58.2,15
AF5432-5,Hancock15,2,106.4,7,1.069,47.7,15
AF5446-11,Hancock15,2,57,8,1.078,47.2,15
AFW5039-1,Hancock15,2,80.7,7,1.076,49.3,15
AFW5484-6,Hancock15,2,45.5,7,1.072,55.6,15
AFW5550-19,Hancock15,2,59.4,5,1.069,42.9,15
AFW5563-1,Hancock15,2,73.5,4,1.076,47,15
AFW5563-6,Hancock15,2,63.6,7,1.067,56.3,15
Atlantic,Hancock15,2,85.5,7,1.077,47.1,15
B2842-1,Hancock15,2,74,6,1.086,48.5,15
B2869-29,Hancock15,2,62.9,5,1.085,41.5,15
B2895-8,Hancock15,2,90.9,7,1.077,48,15
B2904-2,Hancock15,2,78.3,5,1.074,46.9,15
B2947-8,Hancock15,2,63.9,3,1.072,58.1,15
B2950-2,Hancock15,2,56.9,5,1.076,44.9,15
B2950-3,Hancock15,2,76.8,5,1.071,43.4,15
B2981-5,Hancock15,2,67.2,3,1.069,49.6,15
B3000-1,Hancock15,2,71.1,4,1.071,42.2,15
B3005-7,Hancock15,2,79,2,1.081,55.2,15
BNC311-4,Hancock15,2,74.2,4,1.078,45.3,15
BNC366-1,Hancock15,2,66.6,5,1.072,48.9,15
BNC371-2,Hancock15,2,68.3,9,1.08,53.1,15
CO07070-10W,Hancock15,2,56.8,2,1.087,53.1,15
CO07070-13W,Hancock15,2,61.1,3,1.076,56.8,15
Hodag,Hancock15,2,64.3,7,1.078,58.5,15
Lamoka,Hancock15,2,59.3,4,1.077,56.5,15
Lelah,Hancock15,2,52.3,5,1.079,51.9,15
Mackinaw,Hancock15,2,66.8,7,1.081,51,15
MSS428-2,Hancock15,2,92.9,5,1.085,50.9,15
MST191-2Y,Hancock15,2,83.1,9,1.079,41.1,15
MST424-6,Hancock15,2,42.4,3,1.07,39,15
MSU379-1,Hancock15,2,51,1,1.078,38.3,15
MSV241-2,Hancock15,2,85.9,7,1.076,52.5,15
MSV358-3,Hancock15,2,82.1,6,1.074,53.5,15
MSV498-1,Hancock15,2,76.2,7,1.072,56.4,15
MSW360-18,Hancock15,2,75.8,7,1.065,37.8,15
MSW474-01,Hancock15,2,87.4,9,NA,52.9,15
MSW509-5,Hancock15,2,74.4,7,1.071,46.3,15
NC317-12,Hancock15,2,67.6,9,1.085,51.2,15
NDA081453CAB-2C,Hancock15,2,78.1,7,1.06,46.4,15
NDTX071109C-1W,Hancock15,2,48.1,1,1.055,56.1,15
NDTX081644CAB-2W,Hancock15,2,36.6,4,1.065,49.3,15
NDTX102462C-6W,Hancock15,2,29.8,2,NA,52.8,15
NDTX102514ABC-5W,Hancock15,2,61.7,3,1.068,45.9,15
NY154,Hancock15,2,67.9,8,1.077,55,15
NY162,Hancock15,2,89.3,8,1.079,52.1,15
NYK27-3,Hancock15,2,110.7,7,1.056,55.7,15
NYK28-18,Hancock15,2,93.3,5,1.085,55.1,15
NYWJ107-5,Hancock15,2,69.6,7,1.077,54.7,15
Petoskey,Hancock15,2,67,6,1.08,57.4,15
Pike,Hancock15,2,76.1,7,1.094,50.4,15
Snowden,Hancock15,2,80.3,6,1.079,52.1,15
TX09403-14W,Hancock15,2,47.8,4,1.079,48.3,15
W10128-1,Hancock15,2,62,6,1.064,49.7,15
W10128-13,Hancock15,2,71.2,6,1.071,51.9,15
W10128-27,Hancock15,2,90.3,7,1.079,53.2,15
W10132-3,Hancock15,2,45.1,8,1.085,53.9,15
W10636-18,Hancock15,2,60.1,6,1.072,60.7,15
W10637-20,Hancock15,2,91.1,5,1.085,50.7,15
W10639-4,Hancock15,2,NA,9,1.079,45.9,7
W10645-11,Hancock15,2,68.9,5,1.082,46,15
W10645-14,Hancock15,2,88.8,5,1.072,42.5,15
W10645-7,Hancock15,2,87.9,5,1.073,44.9,15
W10653-14,Hancock15,2,74.2,5,1.082,53.4,14
W10653-18,Hancock15,2,67.1,5,1.076,54.7,15
W10653-19,Hancock15,2,60.3,2,1.078,50.1,15
W10655-36,Hancock15,2,60.1,7,1.085,47.5,15
W10655-43,Hancock15,2,51.8,5,1.079,53.4,15
W10658-7,Hancock15,2,60.3,4,1.074,47.4,15
W10659-16,Hancock15,2,67.7,6,1.072,56.6,15
W10659-8,Hancock15,2,79.5,6,1.07,55.3,15
W6822-3,Hancock15,2,85.1,5,1.08,57.2,15
W8822-1,Hancock15,2,69.3,6,1.081,44.6,15
W9835-1,Hancock15,2,83,4,1.079,40.9,15
W9835-2,Hancock15,2,64.2,2,1.072,53.5,15
W9891-1,Hancock15,2,78.9,6,1.073,56.7,15
W9905-3,Hancock15,2,65.7,6,1.075,56.2,15
W9905-7,Hancock15,2,72.3,7,1.08,53,15
W9968-5,Hancock15,2,93.5,7,1.08,51.1,15
A00188-3C,Hancock15,3,71.2,8,1.078,47.3,15
A01143-3C,Hancock15,3,105.3,9,1.071,51.9,15
AC01144-1W,Hancock15,3,75.4,6,1.058,49.9,15
Accumulator,Hancock15,3,80,6,1.071,52.3,15
AF4648-2,Hancock15,3,71.9,8,1.08,49.8,15
AF5033-13,Hancock15,3,43.8,5,1.083,45.5,15
AF5040-8,Hancock15,3,68.8,8,1.088,50.2,15
AF5153-11,Hancock15,3,61.2,9,1.077,45.3,15
AF5281-4,Hancock15,3,47.8,5,1.084,55.3,15
AF5432-5,Hancock15,3,101.2,6,1.071,47.4,15
AF5446-11,Hancock15,3,50,9,1.07,50.4,15
AFW5039-1,Hancock15,3,73.7,8,1.076,43.2,15
AFW5484-6,Hancock15,3,54.4,7,1.077,54.3,14
AFW5550-19,Hancock15,3,62.3,6,1.073,47.9,15
AFW5563-1,Hancock15,3,74,5,1.075,50.4,15
AFW5563-6,Hancock15,3,57.8,7,1.074,51.9,15
Atlantic,Hancock15,3,70.8,6,1.076,46.2,15
B2842-1,Hancock15,3,83.2,5,1.09,52,15
B2869-29,Hancock15,3,56.5,5,NA,43.5,15
B2895-8,Hancock15,3,93.4,7,1.081,49.2,15
B2904-2,Hancock15,3,85.7,5,1.078,50.8,15
B2947-8,Hancock15,3,88,7,1.069,52.4,15
B2950-2,Hancock15,3,65.5,7,1.075,44.5,15
B2950-3,Hancock15,3,71.3,5,1.071,48.8,15
B2981-5,Hancock15,3,61.9,5,1.081,45.5,15
B3000-1,Hancock15,3,73.7,5,1.073,43.1,15
B3005-7,Hancock15,3,76.8,5,1.084,58.1,15
BNC311-4,Hancock15,3,75.5,7,1.074,41.4,14
BNC366-1,Hancock15,3,62.7,7,1.082,43,15
BNC371-2,Hancock15,3,79.7,8,1.077,52.7,15
CO07070-10W,Hancock15,3,64,4,1.09,50.3,15
CO07070-13W,Hancock15,3,70.6,5,1.079,57.2,15
Hodag,Hancock15,3,70.5,8,1.076,53.6,14
Lamoka,Hancock15,3,73,9,1.08,59.2,15
Lelah,Hancock15,3,50.1,4,1.09,58.8,11
Mackinaw,Hancock15,3,76.9,7,1.083,53.2,15
MSS428-2,Hancock15,3,87,5,1.081,54.8,15
MST191-2Y,Hancock15,3,103.2,9,1.081,43.8,15
MST424-6,Hancock15,3,52.3,7,1.066,43.2,15
MSU379-1,Hancock15,3,64,6,1.079,51.6,15
MSV241-2,Hancock15,3,75.4,9,1.088,52.2,15
MSV358-3,Hancock15,3,84.5,8,1.075,58.5,15
MSV498-1,Hancock15,3,100.5,6,1.067,57.3,15
MSW360-18,Hancock15,3,73.5,8,1.069,47.6,15
MSW474-01,Hancock15,3,90.8,8,1.078,49.1,15
MSW509-5,Hancock15,3,80.4,7,1.075,50.8,15
NC317-12,Hancock15,3,84.9,9,1.087,51.9,15
NDA081453CAB-2C,Hancock15,3,81,8,1.081,36.2,15
NDTX071109C-1W,Hancock15,3,52.4,2,1.061,59.4,15
NDTX081644CAB-2W,Hancock15,3,59.8,7,1.067,49.2,15
NDTX102462C-6W,Hancock15,3,65,6,1.077,53.3,15
NDTX102514ABC-5W,Hancock15,3,55,4,1.07,54,15
NY154,Hancock15,3,94.5,8,1.081,54.8,15
NY162,Hancock15,3,88.7,8,1.078,51.7,15
NYK27-3,Hancock15,3,94.6,8,1.079,57,15
NYK28-18,Hancock15,3,89.4,7,1.086,60.5,15
NYWJ107-5,Hancock15,3,69.3,7,1.077,58.3,15
Petoskey,Hancock15,3,66,7,NA,49.8,15
Pike,Hancock15,3,68,9,1.086,49.3,15
Snowden,Hancock15,3,93.1,6,1.082,53.8,15
TX09403-14W,Hancock15,3,51.2,7,1.082,50.6,15
W10128-1,Hancock15,3,70,6,1.066,50.7,15
W10128-13,Hancock15,3,79.2,6,1.069,50.2,15
W10128-27,Hancock15,3,77.4,8,1.079,50.3,15
W10132-3,Hancock15,3,48.6,7,1.09,54.5,15
W10636-18,Hancock15,3,57.6,6,NA,53.8,15
W10637-20,Hancock15,3,89.4,6,1.081,45.3,15
W10639-4,Hancock15,3,NA,8,1.084,50.6,8
W10645-11,Hancock15,3,85.2,6,1.078,48.4,14
W10645-14,Hancock15,3,76.9,6,1.079,51.8,15
W10645-7,Hancock15,3,76.6,7,1.08,54.1,15
W10653-14,Hancock15,3,71.9,6,1.078,50.4,15
W10653-18,Hancock15,3,73.6,7,1.072,52.4,15
W10653-19,Hancock15,3,85.7,4,1.074,50.8,15
W10655-36,Hancock15,3,59.8,6,1.066,46.6,15
W10655-43,Hancock15,3,59.3,4,1.077,54.1,15
W10658-7,Hancock15,3,68,6,1.08,47.8,15
W10659-16,Hancock15,3,93.5,6,1.074,57.3,15
W10659-8,Hancock15,3,85,7,1.074,53.7,15
W6822-3,Hancock15,3,72.1,6,1.088,56.8,15
W8822-1,Hancock15,3,71.8,6,1.08,50.1,15
W9835-1,Hancock15,3,92.8,5,NA,56.4,15
W9835-2,Hancock15,3,69.9,6,1.077,50.4,15
W9891-1,Hancock15,3,71.3,6,1.073,56.5,15
W9905-3,Hancock15,3,84.1,9,1.072,59.8,15
W9905-7,Hancock15,3,71.7,7,1.07,51.8,15
W9968-5,Hancock15,3,95.5,7,1.081,46.3,15
AF5040-8,Hancock16,1,77,3,1.080576187,55.8,15
AF5393-1,Hancock16,1,69.8,4,1.070850982,61.7,15
AF5432-5,Hancock16,1,91.7,4,1.068264933,57.5,15
AF5445-2,Hancock16,1,76.5,4,1.071400702,61.2,15
AF5450-7,Hancock16,1,75,4,1.065093572,57.8,15
AF5484-3,Hancock16,1,62.1,4,1.073823993,56.9,15
AF5583-3,Hancock16,1,71.4,6,1.071444177,60,14
AOR09034-3,Hancock16,1,66.5,3,1.067945459,60.5,15
Atlantic,Hancock16,1,65.9,3,1.071760236,55.1,15
B2869-29,Hancock16,1,67.2,4,1.083063397,52.5,15
B2904-2,Hancock16,1,74.5,5,1.071644803,51.6,15
BNC311-4,Hancock16,1,63.6,2,1.070704846,50.5,15
Hodag,Hancock16,1,70.6,5,1.071805909,59.4,15
Lamoka,Hancock16,1,63.5,5,1.068563242,60.3,13
Lelah,Hancock16,1,46.4,1,1.074973147,64.9,15
MSU379-1,Hancock16,1,37.6,3,1.072828454,57.2,15
MSU383-A,Hancock16,1,50.8,5,1.045885287,57.7,14
MSV033-1,Hancock16,1,70.1,7,1.063510065,59.4,15
MSV383-B,Hancock16,1,39.3,3,1.069569333,57.7,15
MSV498-1,Hancock16,1,44,5,1.061447811,59.7,15
MSW075-2,Hancock16,1,80.8,5,1.062318517,62.2,15
MSZ219-1,Hancock16,1,75.6,6,1.074818653,58.9,15
MSZ219-14,Hancock16,1,76.6,6,1.073740622,56.1,15
MSZ222-19,Hancock16,1,73.7,5,1.076612903,NA,15
NC252-49,Hancock16,1,74.2,5,1.086734694,58,15
NC280-89,Hancock16,1,76.5,3,1.06514043,52.1,15
NC371-3,Hancock16,1,54.7,3,1.070941337,57.7,15
NDA081453CAB-2C,Hancock16,1,51.8,5,1.06984127,43.8,15
Nicolet,Hancock16,1,67.8,6,1.066786284,NA,15
NY154,Hancock16,1,83.3,6,1.068332683,65.8,15
NY162,Hancock16,1,68.8,4,1.069348969,57.8,15
NY163,Hancock16,1,83.6,3,1.075962274,65.1,15
NYK27-3,Hancock16,1,103.3,5,1.076232327,67.6,14
NYL17-3,Hancock16,1,73.5,2,1.073500199,66.7,15
NYL2-12,Hancock16,1,68.1,1,1.076143276,64.3,15
NYL8-12,Hancock16,1,78.9,5,1.077870656,61.8,15
OR9256-2,Hancock16,1,59.5,3,1.069934944,62.3,15
Pike,Hancock16,1,52,5,1.074870912,59.3,13
Pinnacle,Hancock16,1,99.9,5,1.079020979,63.1,14
Snowden,Hancock16,1,85.8,5,1.069018112,60.4,14
W10129-4,Hancock16,1,36.5,3,1.068312906,63.1,15
W10659-16,Hancock16,1,55.8,4,1.070213694,64.8,15
W10659-8,Hancock16,1,39.9,5,1.069105691,63.4,13
W12074-28,Hancock16,1,54.8,5,1.060728745,56.4,15
W12074-29,Hancock16,1,83.7,4,1.083613647,61.9,14
W12075-1,Hancock16,1,54,1,1.071686312,61.7,13
W12078-21,Hancock16,1,41.7,4,1.063425829,63.2,14
W12078-76,Hancock16,1,54.3,4,1.075885668,61.3,15
W12078-77,Hancock16,1,72.4,3,1.0765625,62.1,11
W12078-80,Hancock16,1,77.3,5,1.080915407,63.6,14
W12079-25,Hancock16,1,51.4,4,1.071755358,64.4,15
W12082-5,Hancock16,1,63.9,4,1.070001977,61.1,12
W12NYN25-1,Hancock16,1,73.9,2,1.064906709,65.1,13
W12NYN25-2,Hancock16,1,49.6,5,1.077164121,65.6,15
W12NYN39-2,Hancock16,1,77.7,4,1.069528416,54.9,12
W12NYN40-3,Hancock16,1,81.8,4,1.070541994,65.3,13
W6822-3,Hancock16,1,58.8,1,1.078557203,61.7,15
W8822-1,Hancock16,1,74.7,5,1.07666527,60.9,13
W9891-1,Hancock16,1,58.5,7,1.070479705,60,15
W9905-3,Hancock16,1,59.4,5,1.06741573,63.9,15
W9968-5,Hancock16,1,68.7,6,1.079047218,62.8,15
AF5040-8,Hancock16,2,73.8,4,1.075876727,58.1,15
AF5393-1,Hancock16,2,58.5,4,1.071201273,66.7,15
AF5432-5,Hancock16,2,76.6,4,1.065023374,55.1,15
AF5445-2,Hancock16,2,81.2,3,1.080359006,61.1,15
AF5450-7,Hancock16,2,75.9,5,1.065072183,58.9,15
AF5484-3,Hancock16,2,54.1,4,1.061276751,63,15
AF5583-3,Hancock16,2,50.9,5,1.079361992,54.3,15
AOR09034-3,Hancock16,2,72.3,3,1.072255575,60.5,15
Atlantic,Hancock16,2,74.2,3,1.071599521,54.1,11
B2869-29,Hancock16,2,69.1,4,1.079910381,52.3,13
B2904-2,Hancock16,2,84.8,5,1.068270481,51.9,15
BNC311-4,Hancock16,2,62.3,2,1.068366674,56.1,14
Hodag,Hancock16,2,55,6,1.068544601,62.4,14
Lamoka,Hancock16,2,71.9,5,1.065110302,61.6,11
Lelah,Hancock16,2,60.1,1,1.080137959,62.7,15
MSU379-1,Hancock16,2,37.3,2,1.075624866,57.6,15
MSU383-A,Hancock16,2,51.9,1,1.04913619,53.3,14
MSV033-1,Hancock16,2,72.1,6,1.066801619,57.7,15
MSV383-B,Hancock16,2,50.3,1,1.07589852,63.3,15
MSV498-1,Hancock16,2,66.6,4,1.067878028,63.2,15
MSW075-2,Hancock16,2,77.4,6,1.090217942,63.8,15
MSZ219-1,Hancock16,2,75.2,6,1.075640504,59,15
MSZ219-14,Hancock16,2,89.6,6,1.069793621,58.4,14
MSZ222-19,Hancock16,2,82.9,5,1.074827246,56.5,15
NC252-49,Hancock16,2,81,7,1.081752396,51.9,15
NC280-89,Hancock16,2,74.6,4,1.066324148,59.6,15
NC371-3,Hancock16,2,59.9,6,1.067836812,59.8,15
NDA081453CAB-2C,Hancock16,2,48.1,5,1.066524438,50.3,15
Nicolet,Hancock16,2,62.8,6,1.066165123,60,15
NY154,Hancock16,2,105.8,5,1.070063694,61.5,14
NY162,Hancock16,2,70.9,4,1.072523585,65.3,15
NY163,Hancock16,2,43.7,4,1.071972488,63.7,15
NYK27-3,Hancock16,2,87.9,5,1.071484682,63.2,15
NYL17-3,Hancock16,2,87.3,2,1.079854809,62.5,13
NYL2-12,Hancock16,2,62.4,3,1.07411019,65.7,15
NYL8-12,Hancock16,2,91.5,5,1.071413786,61.6,14
OR9256-2,Hancock16,2,69.1,5,1.073988439,61.9,15
Pike,Hancock16,2,70.4,5,1.075147027,64.3,11
Pinnacle,Hancock16,2,93.7,5,1.076337693,62.2,12
Snowden,Hancock16,2,85.3,6,1.073245952,59.1,15
W10129-4,Hancock16,2,41.1,3,1.068431246,65.1,15
W10659-16,Hancock16,2,59,4,1.072782741,61.4,15
W10659-8,Hancock16,2,46,3,1.066738428,59.5,14
W12074-28,Hancock16,2,61,4,1.062823062,52.6,14
W12074-29,Hancock16,2,72.9,4,1.065974941,60,15
W12075-1,Hancock16,2,57,1,1.072022161,68.9,14
W12078-21,Hancock16,2,62.8,4,1.070127857,61,13
W12078-76,Hancock16,2,69.1,4,1.07839963,60.9,14
W12078-77,Hancock16,2,70.2,5,1.077324066,60.7,13
W12078-80,Hancock16,2,71.2,5,1.076832845,65.7,14
W12079-25,Hancock16,2,78.1,4,1.075321223,59.6,12
W12082-5,Hancock16,2,66.3,4,1.068451075,61.2,12
W12NYN25-1,Hancock16,2,72,2,1.064303094,63.4,14
W12NYN25-2,Hancock16,2,59.5,4,1.076779026,65.9,15
W12NYN39-2,Hancock16,2,76.1,5,1.070011148,59.2,13
W12NYN40-3,Hancock16,2,73.1,4,1.078965758,60.3,14
W6822-3,Hancock16,2,56.2,4,1.07450807,60.8,14
W8822-1,Hancock16,2,70.5,4,1.074098077,58.5,14
W9891-1,Hancock16,2,55.9,4,1.070349386,59.4,13
W9905-3,Hancock16,2,57.1,5,1.070784788,63.7,15
W9968-5,Hancock16,2,69.8,5,1.080057038,59.3,15
AC10239-7W,Hancock16,3,70.5,6,1.074565217,63.4,15
AF5563-2,Hancock16,3,63.3,5,1.058845164,62.7,15
AF5584-1,Hancock16,3,67.4,4,1.073598369,58.5,15
AF5635-8,Hancock16,3,50.9,6,1.073828571,63,15
AF5639-6,Hancock16,3,62.9,5,1.065180745,60.2,15
AF5648-3,Hancock16,3,72.6,6,1.077138196,63,15
AF5665-2,Hancock16,3,62.2,5,1.073618434,64.4,15
AF5677-6,Hancock16,3,90.4,5,1.070246085,61.4,15
AF5682-3,Hancock16,3,NA,5,NA,NA,15
AF5682-5,Hancock16,3,59.9,2,1.070959803,59.4,15
AFC5551-4W,Hancock16,3,48.3,1,1.067260768,44.5,15
AFC5563-5W,Hancock16,3,60.9,4,1.069199745,58.9,15
AOR11484-2,Hancock16,3,80.2,2,1.062221321,62.9,15
AORTX09032-3W,Hancock16,3,53.3,8,1.080670391,64.7,15
AORTX09033-4W,Hancock16,3,41.2,1,1.070027372,64.5,15
AORTX09037-1W,Hancock16,3,63.6,4,1.063875365,63.6,15
AORTX09037-4W,Hancock16,3,79.9,4,1.074863983,63.7,15
AORTX10247-1W/Y,Hancock16,3,62.2,5,1.073142051,63.8,15
Atlantic,Hancock16,3,83,3,1.069534582,63.6,13
Atlantic,Hancock16,3,73.5,2,1.071129707,60.6,13
Atlantic,Hancock16,3,69.6,5,1.074826893,62.2,14
ATTX11476-11W,Hancock16,3,50,5,1.063037249,44.4,15
B3012-1,Hancock16,3,74,2,1.072928426,55.8,15
B3147-3,Hancock16,3,61.5,1,1.068867512,50.3,15
B3152A-3,Hancock16,3,66,4,1.080983676,53.9,15
B3153-3,Hancock16,3,76.7,4,1.069104521,59.8,15
B3155-3,Hancock16,3,67.8,4,1.075853075,53.6,14
B3159-7,Hancock16,3,38.1,4,1.072723102,59.5,15
B3165-11,Hancock16,3,51.9,1,1.076603599,58.3,15
B3172-12,Hancock16,3,75.8,4,1.074081891,63.9,15
B3172-3,Hancock16,3,38.4,1,1.076904297,60.1,15
B3172-8,Hancock16,3,77.7,3,1.083444212,55,13
BNC469-12,Hancock16,3,58.4,4,1.076055599,55.1,15
BNC469-16,Hancock16,3,62,4,1.068306566,62.8,15
BNC469-17,Hancock16,3,41.1,1,1.074462507,60.3,15
BNC469-7,Hancock16,3,79,6,1.066225166,58.6,15
BNC472-3,Hancock16,3,64.2,2,1.069720308,63.3,15
CO10030-3W,Hancock16,3,65.8,6,1.071666667,63.5,15
CO10032-8W,Hancock16,3,59.4,1,1.065862139,63.6,13
CO10073-7W,Hancock16,3,49.7,2,1.064014282,60.8,15
CO10076-4W,Hancock16,3,68.2,5,1.061295972,58.6,15
Hodag,Hancock16,3,67.9,6,1.073760068,61.4,15
Hodag,Hancock16,3,77.2,5,1.071414596,59.3,14
Hodag,Hancock16,3,73,6,1.071754853,65,13
Lamoka,Hancock16,3,68.3,4,1.067326733,65.5,12
Lamoka,Hancock16,3,87.2,5,1.066553768,63,13
Lamoka,Hancock16,3,61.1,5,1.068848758,63,15
Lelah,Hancock16,3,49.8,1,1.074592075,64.1,15
Lelah,Hancock16,3,55.7,2,1.076218395,65,15
Lelah,Hancock16,3,57.2,4,1.074605452,58.5,15
MSV242-7,Hancock16,3,68.2,8,1.083194676,54.6,15
MSV434-04,Hancock16,3,76.9,3,1.056715242,62.9,13
MSV507-001,Hancock16,3,67.4,5,1.078667612,58.7,15
MSV507-003,Hancock16,3,54.7,4,1.080851064,58.3,15
MSV507-007,Hancock16,3,80.6,5,1.070303712,58.6,15
MSV507-073,Hancock16,3,74.1,4,1.076646199,60.7,15
MSV507-198,Hancock16,3,82.3,5,1.071050962,67.1,15
MSW324-1,Hancock16,3,81.9,6,1.071087895,59,13
MSW394-1,Hancock16,3,77.8,7,1.071661947,59.3,15
MSZ020-08,Hancock16,3,54.3,4,1.068582725,64.7,15
MSZ022-07,Hancock16,3,65,5,1.068374165,46.9,15
MSZ022-19,Hancock16,3,75.2,7,1.060300473,61.3,14
MSZ045-09,Hancock16,3,77.9,9,1.059464817,64.9,15
MSZ052-11,Hancock16,3,61.9,6,1.062553556,59.8,15
MSZ052-31,Hancock16,3,82.5,5,1.064756909,62.4,15
MSZ062-10,Hancock16,3,54.4,5,1.079685746,64.3,15
MSZ096-03,Hancock16,3,58.4,6,1.073384447,58.6,15
MSZ101-06,Hancock16,3,60.8,7,1.068954354,55.6,15
MSZ101-07,Hancock16,3,74.9,6,1.071029199,63.8,14
MSZ118-08,Hancock16,3,68.8,6,1.070994764,60.4,15
MSZ219-13,Hancock16,3,65.9,6,1.062802799,54,15
MSZ242-09,Hancock16,3,78,4,1.077590285,62.9,15
MSZ242-13,Hancock16,3,56.8,5,1.073922372,60.1,15
NC470-3,Hancock16,3,89.6,7,1.077812829,64.1,15
NC472-1,Hancock16,3,108.5,8,1.074738755,56.1,15
NC473-2,Hancock16,3,85.8,8,1.058793192,59.9,15
NCB3146-1,Hancock16,3,77.5,3,1.068832349,58.4,15
NCB3165-3,Hancock16,3,45,1,1.073428749,56.6,15
NCB3171-4,Hancock16,3,86.3,5,1.069549621,61.8,15
NCB3171-7,Hancock16,3,54.6,4,1.068288694,57.1,15
ND102642C-2,Hancock16,3,85.4,4,1.061347384,62.3,10
ND102858CB-2,Hancock16,3,67.7,2,1.064673811,61.6,15
ND102921C-3,Hancock16,3,82.6,3,1.071735687,60,15
ND113278-3,Hancock16,3,60.8,2,1.070329242,63,15
ND113307C-3,Hancock16,3,88.9,4,1.071119357,62,15
ND113394CAB-7,Hancock16,3,62.6,4,1.067936508,49,15
ND4100C-19,Hancock16,3,54.7,4,1.067314208,48.3,15
ND5255-59,Hancock16,3,53.3,1,1.06449606,51.7,15
NDAF113470C-3,Hancock16,3,72.1,2,1.065070729,53,15
NDTX102852CB-3Ru,Hancock16,3,58.4,2,1.05859662,61.2,14
NDTX102852CB-4Ru,Hancock16,3,35.1,3,1.059483726,63.4,14
NDTX113030C-10W,Hancock16,3,49.2,1,1.060939794,55.7,15
NDTX113030C-3W,Hancock16,3,56.6,5,1.072607261,55.5,15
NDTX113037C-3W,Hancock16,3,90.3,5,1.069071374,45.5,15
NY165,Hancock16,3,89,5,NA,62.7,15
NYM7-4,Hancock16,3,77,5,1.068148148,57,15
NYM7-6,Hancock16,3,62.4,6,1.071003207,63,15
OR12479-5,Hancock16,3,85,6,1.064126745,49.2,15
Pike,Hancock16,3,67.2,5,1.079073101,60.1,14
Pike,Hancock16,3,71.2,4,1.075705731,57.1,13
Snowden,Hancock16,3,91.1,5,1.074958124,65.5,15
Snowden,Hancock16,3,85,6,1.071806945,60.9,15
Snowden,Hancock16,3,86.2,5,1.073629821,60.5,15
W13057-1,Hancock16,3,85.1,4,1.082185886,64.5,15
W13057-13,Hancock16,3,61.9,4,1.061080796,63.9,15
W13057-15,Hancock16,3,66.9,6,NA,62.3,14
W13057-18,Hancock16,3,72.9,1,1.069640914,65.2,15
W13057-2,Hancock16,3,70.7,4,1.080948313,57.1,12
W13057-3,Hancock16,3,77.8,2,1.082040341,62.2,15
W13057-6,Hancock16,3,72.9,3,1.076890844,63.2,15
W13057-7,Hancock16,3,58.2,2,1.071220648,60.8,13
W13057-8,Hancock16,3,71.3,5,1.071009772,67.4,15
W13058-11,Hancock16,3,74.7,5,1.063412958,60.5,14
W13058-17,Hancock16,3,61,1,1.068773946,63.4,15
W13058-18,Hancock16,3,54.2,4,1.07127233,59,14
W13058-19,Hancock16,3,57.5,3,1.080452546,61.3,15
W13058-2,Hancock16,3,61.3,5,1.065043817,62.9,15
W13058-20,Hancock16,3,65.5,1,1.066947368,44.2,14
W13058-21,Hancock16,3,58.1,4,1.066748067,NA,15
W13058-4,Hancock16,3,70.6,5,1.071486928,59.6,15
W13058-6,Hancock16,3,60.1,1,1.06558657,63.7,15
W13060-1,Hancock16,3,55.1,2,1.067405063,63.7,13
W13062-6,Hancock16,3,65.1,5,1.068,56.7,15
W13062-7,Hancock16,3,49.7,1,1.073261589,62.9,15
W13062-8,Hancock16,3,64.5,5,1.071199011,58.7,14
W13063-2,Hancock16,3,83.6,4,1.074478649,61.2,15
W13063-5,Hancock16,3,46.6,4,1.064938099,62.3,15
W13065-14,Hancock16,3,53.2,1,1.061273052,61.7,15
W13065-16,Hancock16,3,45.2,3,1.059308404,43.9,15
W13065-22,Hancock16,3,62.7,4,1.061478202,52.1,15
W13065-3,Hancock16,3,37,1,1.065536723,52.3,15
W13065-4,Hancock16,3,48.9,6,1.062302985,62.9,15
W13065-5,Hancock16,3,55.7,5,1.064716312,55.6,15
W13066-4,Hancock16,3,48.7,4,1.07067953,61.2,15
W13068-10,Hancock16,3,52.5,2,1.070546368,64.6,15
W13068-3,Hancock16,3,75.9,4,1.069767442,61.4,15
W13068-4,Hancock16,3,59.2,5,1.065453826,63.1,15
W13069-5,Hancock16,3,59.9,4,1.07054735,62.2,15
W13070-10,Hancock16,3,60.4,5,1.069128205,59.3,12
W13070-11,Hancock16,3,62.6,3,1.073496659,62.6,15
W13070-14,Hancock16,3,46.2,2,1.06469435,60.6,15
W13070-21,Hancock16,3,93,6,1.073790823,58.2,13
W13070-5,Hancock16,3,58.9,2,1.06733956,61.3,14
W13070-6,Hancock16,3,35.1,2,1.055356432,54.8,13
W13070-9,Hancock16,3,75.9,4,1.061453449,61.5,15
W13071-3,Hancock16,3,69.1,1,1.072727273,57.2,14
W13071-4,Hancock16,3,57.6,1,1.067255874,65,15
W13071-5,Hancock16,3,84.1,5,1.070579762,62.3,13
W13071-8,Hancock16,3,54.6,2,1.069852941,63.6,15
W13074-3,Hancock16,3,70.2,1,1.070508316,57.2,15
W13078-2,Hancock16,3,58,4,1.074385511,62.1,15
W13078-5,Hancock16,3,61.8,4,1.0739522,66.7,14
W13079-2,Hancock16,3,58.1,2,1.072487263,63.1,15
W13080-2,Hancock16,3,67.8,5,1.064969697,57.4,15
W13082-2,Hancock16,3,38.6,1,1.080136819,64.1,15
W13083-3,Hancock16,3,81.6,6,1.068522871,66.4,13
W13086-1,Hancock16,3,62.3,3,1.066276089,64,15
W13091-8,Hancock16,3,73,5,1.066105339,64.2,14
W13093-1,Hancock16,3,50.4,4,1.082206255,63.7,13
W13095-3,Hancock16,3,56.6,4,1.066063803,63.4,15
W13095-4,Hancock16,3,54.1,2,1.070458209,65.6,15
W13096-1,Hancock16,3,39,4,1.066063348,59.7,11
W13NYP101-3,Hancock16,3,57.3,1,1.069160998,63.9,15
W13NYP102-7,Hancock16,3,64.2,6,1.078953014,62.3,15
W13NYP102-8,Hancock16,3,72.8,6,1.07044741,67.9,15
W13NYP106-1,Hancock16,3,51,6,1.073772644,58.2,15
W13NYP106-2,Hancock16,3,65.5,1,1.070786517,56.6,15
W13NYP106-5,Hancock16,3,55.8,4,1.06505267,52.1,15
W13NYP111-1,Hancock16,3,61.2,7,1.07010978,65.4,15
W13NYP111-4,Hancock16,3,75.8,4,1.073248408,61.4,15
W13NYP111-5,Hancock16,3,49.8,6,NA,58.9,15
W13NYP112-1,Hancock16,3,80.6,4,1.068172965,60.2,15
W13NYP114-5,Hancock16,3,83.7,5,1.059633971,57.5,15
W13NYP117-2,Hancock16,3,72.5,4,1.068432203,66,14
W13NYP12-2,Hancock16,3,80.5,5,1.078866073,63.9,15
W13NYP18-1,Hancock16,3,57.2,3,1.080130826,61.5,15
W13NYP19-10,Hancock16,3,75.7,5,1.069910147,61.8,14
W13NYP19-2,Hancock16,3,99.9,3,1.076408035,63.9,14
W13NYP19-3,Hancock16,3,66.1,2,1.067764257,NA,15
W13NYP21-1,Hancock16,3,60.6,4,1.073364008,67.6,15
WAF12065-8,Hancock16,3,65.9,6,1.06757043,62.9,15
WTX10666-8W,Hancock16,3,50.4,2,NA,60.9,15
Atlantic,Hancock17,1,70.9,6,1.072,59.5,13
Hodag,Hancock17,1,77,5,1.081,63.6,10
Lamoka,Hancock17,1,63.3,3,1.073,67.5,12
Snowden,Hancock17,1,69.1,5,1.073,66.2,14
W13058-2,Hancock17,1,43,1,1.074,61.7,13
W13058-6,Hancock17,1,40.4,1,1.078,63.8,15
W13070-10,Hancock17,1,73,5,1.073,65.8,10
W13070-21,Hancock17,1,73.4,3,1.082,61.6,13
W13080-2,Hancock17,1,64.4,6,1.057,56.7,10
W13083-3,Hancock17,1,NA,4,1.07,65.8,9
W13091-8,Hancock17,1,65.9,4,1.074,61.1,15
W13NYP117-2,Hancock17,1,73.8,4,1.073,64.2,15
W14067-11,Hancock17,1,72.7,1,1.07,61.6,12
W14070-1,Hancock17,1,61.2,2,1.074,59.6,12
W14074-5,Hancock17,1,48.7,5,1.079,67.4,15
W14076-1,Hancock17,1,59.2,2,1.075,54.8,12
W14076-4,Hancock17,1,52.9,2,1.075,63.2,15
W14087-1,Hancock17,1,38.8,2,1.083,65.2,13
W14182-11,Hancock17,1,59.3,5,1.086,65.9,15
W14182-6,Hancock17,1,62,6,1.073,61.1,15
W14183-3,Hancock17,1,68.1,4,1.08,65.6,13
W14184-5,Hancock17,1,50.8,4,1.072,64.6,13
W14185-3,Hancock17,1,82,5,1.082,64.2,13
W14186-20,Hancock17,1,74.8,6,1.078,53.6,14
W14187-14,Hancock17,1,63.8,3,1.082,62.6,13
W14187-16,Hancock17,1,105.4,5,1.071,63.2,10
W14187-2,Hancock17,1,58.2,3,1.079,65.1,13
W14187-30,Hancock17,1,80.3,3,1.071,59.8,13
W14190-15,Hancock17,1,72.5,3,1.072,64.7,15
W14193-14,Hancock17,1,64.3,2,1.071,59.4,13
W14194-7,Hancock17,1,72.9,6,1.076,63.3,15
W14AF5934-2,Hancock17,1,47.8,6,1.08,55.8,14
W14AF5934-5,Hancock17,1,59,7,1.073,66,14
W14AF5945-5,Hancock17,1,NA,5,1.07,65.3,9
W14AF5949-2,Hancock17,1,52.1,2,1.073,61.7,14
W14AF5955-3,Hancock17,1,75.9,6,1.081,64.7,12
W14AF5971-3,Hancock17,1,35.3,1,1.076,65.3,13
W14AF5995-2,Hancock17,1,45.7,7,1.082,64.1,14
W14AF6002-2,Hancock17,1,46.9,2,1.082,63.9,15
W14AF6003-1,Hancock17,1,64.1,4,1.074,67.7,15
W14AF6016-2,Hancock17,1,64.5,2,1.076,65.8,15
W14AF6037-2,Hancock17,1,65.5,6,1.041,62.6,14
W14NYQ102-6,Hancock17,1,60.5,4,1.078,64.5,14
W14NYQ104-5,Hancock17,1,64.8,2,1.07,68.2,11
W14NYQ17-1,Hancock17,1,47.5,6,1.08,63.2,15
W14NYQ23-6,Hancock17,1,46.7,6,1.075,63.2,15
W14NYQ28-3,Hancock17,1,NA,6,1.074,69.5,8
W14NYQ29-7,Hancock17,1,63.9,3,1.077,62.2,15
W14NYQ30-8,Hancock17,1,61.4,4,1.078,64.6,14
W14NYQ38-8,Hancock17,1,58.9,3,1.07,56.4,10
W14NYQ4-1,Hancock17,1,55.5,5,1.082,68.2,15
W14NYQ4-5,Hancock17,1,60.4,6,1.076,65.7,14
W14NYQ7-2,Hancock17,1,96,7,1.076,65.1,10
W14NYQ8-4,Hancock17,1,89.9,7,1.072,63.4,11
W14NYQ9-3,Hancock17,1,79.6,7,1.089,68.4,13
W9968-5,Hancock17,1,71.7,6,1.079,64.4,15
Atlantic,Hancock17,2,59.5,6,1.081,61.5,13
Hodag,Hancock17,2,NA,6,1.077,61.6,5
Lamoka,Hancock17,2,59.2,4,1.076,63.1,14
Snowden,Hancock17,2,58.9,5,1.076,63.3,14
W13057-2,Hancock17,2,66.4,3,1.089,63.3,12
W13057-3,Hancock17,2,52.5,3,1.087,66.8,13
W13069-5,Hancock17,2,59.3,4,1.081,65.5,12
W13071-3,Hancock17,2,58,1,1.075,64.1,10
W13078-5,Hancock17,2,58.5,2,1.088,66.5,14
W13086-1,Hancock17,2,58.7,3,1.07,60.8,13
W13NYP102-7,Hancock17,2,62.1,7,1.091,63.2,15
W13NYP102-8,Hancock17,2,68.8,3,1.077,68.3,10
W14067-1,Hancock17,2,68.9,5,1.071,60.6,13
W14069-1,Hancock17,2,50.2,2,1.071,62.9,15
W14074-1,Hancock17,2,55.2,1,1.079,66.2,13
W14074-8,Hancock17,2,47.9,3,1.066,61.4,11
W14076-7,Hancock17,2,62.1,3,1.074,63.4,13
W14076-8,Hancock17,2,46.4,2,1.078,63.9,14
W14090-3,Hancock17,2,65.5,3,1.069,66.6,14
W14182-15,Hancock17,2,64.5,2,1.074,64.7,12
W14182-7,Hancock17,2,59.4,4,1.066,59.7,14
W14184-2,Hancock17,2,71.3,3,1.071,59.6,12
W14184-7,Hancock17,2,63.5,6,1.085,66.5,14
W14186-11,Hancock17,2,43.8,1,1.074,63.2,14
W14186-21,Hancock17,2,57.2,5,1.081,64.3,15
W14187-17,Hancock17,2,47.3,5,1.068,58.4,14
W14187-6,Hancock17,2,65,4,1.075,58.3,12
W14190-1,Hancock17,2,50.3,1,1.078,65.7,13
W14190-16,Hancock17,2,55.7,4,1.082,63,11
W14193-18,Hancock17,2,67.9,4,1.076,59.2,13
W14193-7,Hancock17,2,63.3,4,1.067,60,13
W14AF5919-2,Hancock17,2,63.1,5,1.057,65.6,13
W14AF5934-3,Hancock17,2,74.7,7,1.076,68.1,14
W14AF5938-3,Hancock17,2,49.2,2,1.074,64.9,15
W14AF5947-1,Hancock17,2,57,4,1.084,63.2,15
W14AF5953-3,Hancock17,2,42.3,1,1.09,63.1,14
W14AF5955-5,Hancock17,2,62.9,3,1.075,67.3,15
W14AF5992-1,Hancock17,2,NA,2,1.069,60.9,9
W14AF5996-2,Hancock17,2,41.5,6,1.076,64.4,14
W14AF6003-2,Hancock17,2,69.1,4,1.074,68.7,14
W14AF6018-1,Hancock17,2,61.7,6,1.087,66.8,12
W14AF6037-1,Hancock17,2,93.1,6,1.083,64.8,11
W14AF6037-5,Hancock17,2,55.5,2,1.076,62.6,15
W14NYQ102-9,Hancock17,2,57.2,5,1.075,64.4,15
W14NYQ19-4,Hancock17,2,52.8,3,1.065,59.6,11
W14NYQ23-11,Hancock17,2,50.8,6,1.089,62.1,14
W14NYQ29-5,Hancock17,2,82,6,1.076,64.6,14
W14NYQ30-5,Hancock17,2,76.2,4,1.08,62.6,14
W14NYQ34-2,Hancock17,2,80.5,5,1.084,63.5,13
W14NYQ38-14,Hancock17,2,96.1,5,1.071,64.5,11
W14NYQ4-3,Hancock17,2,NA,4,1.074,59,5
W14NYQ6-3,Hancock17,2,80.8,5,1.081,67.1,13
W14NYQ7-5,Hancock17,2,53.2,4,1.074,65.1,15
W14NYQ8-18,Hancock17,2,50.1,4,1.07,65.7,15
W14NYQ9-4,Hancock17,2,57.9,2,1.079,63.6,13
W9968-5,Hancock17,2,83,6,1.083,64.1,12
Atlantic,Hancock17,3,62.6,3,1.071,63.3,14
Hodag,Hancock17,3,72.9,5,1.079,64.3,13
Lamoka,Hancock17,3,47.8,3,1.077,65.9,14
Snowden,Hancock17,3,68.4,4,1.076,68.5,13
W13058-19,Hancock17,3,59.1,2,1.086,66.2,12
W13058-21,Hancock17,3,47.9,2,1.074,62.9,13
W13058-4,Hancock17,3,62.2,2,1.085,66.7,12
W13071-4,Hancock17,3,50.6,1,1.077,64.9,13
W13NYP106-2,Hancock17,3,59.4,4,1.074,61.1,11
W13NYP12-2,Hancock17,3,53.7,4,1.087,63.2,13
W13NYP19-10,Hancock17,3,69.6,7,1.08,66.9,12
W13NYP19-2,Hancock17,3,84.6,6,1.084,66,12
W14067-3,Hancock17,3,51.8,3,1.058,61.5,14
W14068-5,Hancock17,3,69.6,6,1.073,64.5,13
W14069-2,Hancock17,3,68.3,6,1.081,63.1,15
W14074-4,Hancock17,3,39.1,1,1.074,66.6,13
W14075-1,Hancock17,3,37.7,2,1.076,63.1,14
W14084-1,Hancock17,3,56.7,3,1.072,65.4,15
W14090-2,Hancock17,3,68.5,5,1.073,64.5,15
W14090-4,Hancock17,3,65.7,6,1.069,65.7,14
W14182-9,Hancock17,3,62.4,5,1.07,61.5,13
W14183-2,Hancock17,3,68.8,6,1.076,62.7,15
W14184-3,Hancock17,3,53,4,1.077,62.6,12
W14184-9,Hancock17,3,65.9,4,1.076,61.5,15
W14186-12,Hancock17,3,66.3,1,1.069,63.4,11
W14186-26,Hancock17,3,44.7,1,1.067,65.1,13
W14187-11,Hancock17,3,66.7,4,1.074,60.2,12
W14187-21,Hancock17,3,71,4,1.079,64.3,13
W14190-10,Hancock17,3,76.8,5,1.077,61.3,12
W14193-8,Hancock17,3,69.8,6,1.078,64.1,15
W14194-2,Hancock17,3,51.6,3,1.072,65.8,13
W14AF5925-2,Hancock17,3,72.2,5,1.063,64.7,14
W14AF5934-4,Hancock17,3,65.8,3,1.068,63.7,12
W14AF5938-11,Hancock17,3,61.9,2,1.075,65.1,14
W14AF5947-2,Hancock17,3,47.6,1,1.063,65.8,15
W14AF5948-1,Hancock17,3,49.5,2,1.069,65.8,14
W14AF5954-2,Hancock17,3,60.8,6,1.072,66.2,15
W14AF5970-4,Hancock17,3,NA,5,1.079,66.8,9
W14AF5992-2,Hancock17,3,58.2,3,1.079,65.2,14
W14AF5997-1,Hancock17,3,49.1,6,1.076,64.3,15
W14AF6013-1,Hancock17,3,64.9,3,1.069,63,13
W14AF6029-1,Hancock17,3,49.2,2,1.072,63,13
W14NYQ104-4,Hancock17,3,78.9,5,1.074,66.8,13
W14NYQ22-5,Hancock17,3,62.6,4,1.07,53.4,12
W14NYQ23-13,Hancock17,3,58.1,3,1.08,63,14
W14NYQ29-6,Hancock17,3,54.5,6,1.075,65.2,12
W14NYQ3-1,Hancock17,3,58.5,4,1.073,67.3,14
W14NYQ30-6,Hancock17,3,80.3,5,1.073,63.7,14
W14NYQ38-17,Hancock17,3,53.2,2,1.075,65.5,14
W14NYQ38-2,Hancock17,3,53.9,2,1.069,65.4,12
W14NYQ4-4,Hancock17,3,61.2,5,1.087,64.6,13
W14NYQ5-5,Hancock17,3,83.4,4,1.079,65.8,10
W14NYQ7-1,Hancock17,3,60.7,6,1.089,63.6,14
W14NYQ8-2,Hancock17,3,37.5,4,1.069,64.1,10
W14NYQ9-2,Hancock17,3,92.2,6,1.077,64.9,14
W9968-5,Hancock17,3,60.7,4,1.08,64.3,14
AF5429-3,Hancock17,4,47,5,1.077,63.8,15
AF5484-3,Hancock17,4,57.7,6,1.079,61,15
AF5563-2,Hancock17,4,57.3,5,1.075,67.2,14
AF5563-5,Hancock17,4,41.8,4,1.069,67.1,14
AF5583-3,Hancock17,4,45.2,4,1.081,63.8,15
AF5648-3,Hancock17,4,45,5,1.087,73.1,15
AF5682-5,Hancock17,4,43,1,1.072,67.6,13
AF5819-6,Hancock17,4,65.8,5,1.078,64.1,15
AF5846-3,Hancock17,4,51.1,1,1.064,62.2,15
AOR09034-3,Hancock17,4,61.1,2,1.077,63.2,15
AOR11470-1,Hancock17,4,56.6,6,1.101,61.4,12
AOR11484-2,Hancock17,4,68,1,1.078,67.4,12
AOR11488-1,Hancock17,4,36.4,1,1.079,60.5,15
AORTX09032-3W,Hancock17,4,44.7,7,1.092,68.3,15
AORTX09033-11W,Hancock17,4,33.1,2,1.082,62.8,13
AORTX09033-4W,Hancock17,4,50.2,4,1.082,60.4,15
AORTX09037-1W,Hancock17,4,43.7,3,1.077,64.9,15
AORTX09037-4W/Y,Hancock17,4,66.2,4,1.084,63.5,15
AORTX09144-2W,Hancock17,4,50.7,5,1.083,62,14
AORTX10247-1W/Y,Hancock17,4,56,5,1.084,65.2,12
Atlantic,Hancock17,4,50.1,3,1.079,62.1,15
B2869-29,Hancock17,4,73.5,3,1.091,61.8,12
B2904-2,Hancock17,4,70.3,3,1.069,64.6,13
B3174-4,Hancock17,4,42,1,1.078,65.7,15
B3176-2,Hancock17,4,55.1,6,1.081,61.5,14
B3182-1,Hancock17,4,43.2,2,1.082,63,15
B3194-1,Hancock17,4,50.1,3,1.083,66.6,14
BNC311-4,Hancock17,4,59.3,1,1.077,61.4,15
BNC537-5,Hancock17,4,59.9,1,1.08,58,14
BNC544-2,Hancock17,4,NA,1,1.085,67.2,9
CO10073-7W,Hancock17,4,43.4,2,1.074,64.9,15
CO10076-4W,Hancock17,4,60.4,4,1.068,64.7,15
CO11023-2W,Hancock17,4,44.9,4,1.079,67.4,15
CO11037-5W,Hancock17,4,46.6,3,1.076,65.3,14
CO11074-1W,Hancock17,4,35.6,3,1.071,65.1,15
COTX12428-1W,Hancock17,4,NA,4,1.086,62.9,7
Lamoka,Hancock17,4,48.8,4,1.082,64.7,14
MSAFB610-4,Hancock17,4,65.4,6,1.083,60,15
MSAFB614-4,Hancock17,4,53.5,6,1.079,63.2,14
MSAFB618-2,Hancock17,4,44.9,5,1.094,67.1,14
MSAFB626-2,Hancock17,4,75,6,1.076,62.9,15
MSAFB626-8,Hancock17,4,52.6,6,1.072,62.5,15
MSV016-2,Hancock17,4,41.8,4,1.082,61.7,13
MSV177-1,Hancock17,4,47,2,1.077,64.5,15
MSV505-2,Hancock17,4,26,1,1.079,64.1,15
MSV507-001,Hancock17,4,58.8,5,1.089,65.4,13
MSV507-012,Hancock17,4,45.1,5,1.08,61,15
MSW004-1,Hancock17,4,57.6,7,1.085,63.8,13
MSW324-1,Hancock17,4,57.1,6,1.081,63.6,14
MSW501-2,Hancock17,4,50.8,4,1.078,65.7,14
MSX111-3,Hancock17,4,57.8,6,1.091,67,15
MSX277-1,Hancock17,4,46.3,3,1.083,67.3,15
MSX526-1,Hancock17,4,64.4,3,1.077,62.9,13
MSY022-2,Hancock17,4,61.7,5,1.082,67.3,15
MSY156-2,Hancock17,4,58.6,6,1.08,67.2,15
MSZ022-16,Hancock17,4,54.6,5,1.08,67.6,15
MSZ052-02,Hancock17,4,55,3,1.076,65.2,15
MSZ052-11,Hancock17,4,59.6,6,1.071,62.1,14
MSZ063-2,Hancock17,4,56.2,5,1.088,67,15
MSZ118-8,Hancock17,4,45.6,5,1.079,61.9,15
MSZ157-3,Hancock17,4,37.8,1,1.069,64.4,14
MSZ194-2,Hancock17,4,49.4,5,1.078,65.3,15
MSZ242-07,Hancock17,4,64.5,6,1.088,64.3,13
MSZ242-13,Hancock17,4,37.4,4,1.091,64.4,14
MSZ246-1,Hancock17,4,47.2,3,1.085,63.3,14
MSZ251-1,Hancock17,4,42.5,3,1.083,67.4,13
MSZ424-13,Hancock17,4,38.4,4,1.093,65.8,14
NC470-3,Hancock17,4,72.1,8,1.078,59.4,15
NC472-1,Hancock17,4,81.6,6,1.076,64.1,15
NC473-2,Hancock17,4,69.2,7,1.067,65.7,15
NCB3171-7,Hancock17,4,45.4,5,1.079,62.3,15
NDAF113470C-3,Hancock17,4,50.8,3,1.076,63.6,15
NDAF113490C-6,Hancock17,4,50.5,2,1.081,64.9,15
NDAF12139C-2,Hancock17,4,55,3,1.079,61.2,15
NDTX113030C-3W,Hancock17,4,46.9,2,1.083,63.8,14
NDTX12203AB-1W,Hancock17,4,51.1,2,1.077,64.2,15
NDTX1246-3W/Y,Hancock17,4,61,2,1.084,62.5,13
NY163,Hancock17,4,58,3,1.088,66,15
NY165,Hancock17,4,56.1,5,1.074,63.4,14
NYL8-12,Hancock17,4,56.2,4,1.078,65.5,15
NYM18-2,Hancock17,4,56.5,4,1.086,64.2,14
NYM7-4,Hancock17,4,61.6,6,1.081,65,14
NYN11-4,Hancock17,4,58.6,5,1.082,64.4,14
NYN25-1,Hancock17,4,48.3,4,1.076,67,14
NYN44-7,Hancock17,4,46.1,4,1.078,68.4,10
Snowden,Hancock17,4,63,3,1.079,63.9,14
W10659-16,Hancock17,4,50.3,2,1.07,66,14
W12078-77,Hancock17,4,42.9,3,1.086,64.3,12
W12NYN25-1,Hancock17,4,56.4,4,1.077,67.1,14
W12NYN40-3,Hancock17,4,51.4,4,1.08,59.8,15
WAF13076-2,Hancock17,4,66.2,1,1.081,64.1,15
AF5429-3,Hancock17,5,61.5,3,1.078,63.7,13
AF5484-3,Hancock17,5,77.8,5,1.086,66.2,13
AF5563-2,Hancock17,5,42.3,3,1.074,65.2,14
AF5583-3,Hancock17,5,41.5,5,1.085,65,15
AF5648-3,Hancock17,5,54.1,4,1.077,62.7,13
AF5682-5,Hancock17,5,47.2,2,1.075,67.4,14
AF5801-1,Hancock17,5,77.3,6,1.086,64.5,13
AF5825-3,Hancock17,5,57.3,4,1.094,65,14
AF5846-4,Hancock17,5,64.9,4,1.062,64.1,14
AFC5687-2W,Hancock17,5,43.4,6,1.074,68.6,15
AOR09034-3,Hancock17,5,79,3,1.079,64.3,13
AOR11470-1,Hancock17,5,62.3,8,1.107,69.6,14
AOR11484-2,Hancock17,5,62.1,1,1.078,65.7,15
AOR11488-1,Hancock17,5,50,3,1.082,59,14
AORTX09032-3W,Hancock17,5,41.5,6,1.09,65.6,15
AORTX09033-4W,Hancock17,5,62,5,1.085,63.5,14
AORTX09037-1W,Hancock17,5,40.8,3,1.077,63.4,15
AORTX09037-4W/Y,Hancock17,5,71.5,4,1.074,66.4,13
AORTX09037-5W/Y,Hancock17,5,53.7,1,1.075,63.1,14
AORTX10247-1W/Y,Hancock17,5,44,4,1.083,62.9,14
Atlantic,Hancock17,5,56,4,1.083,NA,15
B2869-29,Hancock17,5,49.4,4,1.09,64.4,15
B2904-2,Hancock17,5,55.9,2,1.072,64.1,14
B3176-1,Hancock17,5,56.6,5,1.086,62.4,15
B3181-7,Hancock17,5,41.3,1,1.078,68.2,14
B3183-6,Hancock17,5,71.8,3,1.08,61.7,12
B3223-5,Hancock17,5,44.6,1,1.077,61.7,14
BNC311-4,Hancock17,5,60.1,2,1.071,64.3,15
BNC541-5,Hancock17,5,29.1,1,1.086,63.1,15
BNC549-1,Hancock17,5,35.4,1,1.084,64.2,14
CO10073-7W,Hancock17,5,46.2,2,1.074,64.9,13
CO10076-4W,Hancock17,5,51.1,4,1.07,65.4,13
CO11023-9W,Hancock17,5,43,5,1.073,58.1,15
CO11048-8W,Hancock17,5,55.2,5,1.07,66.8,15
CO11087-1W,Hancock17,5,44,5,1.077,66.4,14
COTX12235-2W,Hancock17,5,36,3,1.063,68.8,14
Lamoka,Hancock17,5,60.3,6,1.08,61.4,12
MSAFB611-5,Hancock17,5,43.3,4,1.092,70.1,14
MSAFB614-6,Hancock17,5,71.9,6,1.081,66.7,12
MSAFB618-3,Hancock17,5,71.9,6,1.086,70.4,11
MSAFB626-5,Hancock17,5,54,4,1.073,57.8,15
MSAFB635-3,Hancock17,5,49.5,4,1.079,63.1,15
MST437-1,Hancock17,5,38.6,6,1.088,66.7,15
MSV380-1,Hancock17,5,42.3,5,1.079,63.8,14
MSV507-003,Hancock17,5,54.4,4,1.088,64.3,13
MSV507-073,Hancock17,5,56.1,6,1.088,67.4,14
MSV507-128,Hancock17,5,50.1,5,1.072,64.3,13
MSW294-1,Hancock17,5,57.4,5,1.08,61.2,13
MSW474-1,Hancock17,5,59.6,4,1.079,69.9,13
MSX042-3,Hancock17,5,32.2,3,1.084,67,15
MSX225-2,Hancock17,5,60.3,6,1.083,67.9,15
MSX345-6Y,Hancock17,5,53.3,6,1.085,59.9,13
MSX542-2,Hancock17,5,44.4,4,1.077,68.2,15
MSY041-1,Hancock17,5,56.6,4,1.078,64.3,15
MSZ013-3,Hancock17,5,51.8,1,1.072,64.8,15
MSZ042-7,Hancock17,5,61.3,5,1.09,61.4,13
MSZ052-02,Hancock17,5,67.2,4,1.078,66.9,14
MSZ052-11,Hancock17,5,71.3,6,1.07,61.1,15
MSZ118-1,Hancock17,5,50.9,4,1.082,62.6,15
MSZ154-1,Hancock17,5,67.7,5,1.079,65.3,12
MSZ159-3,Hancock17,5,56.2,2,1.086,65.7,13
MSZ242-07,Hancock17,5,44.4,6,1.086,62.7,15
MSZ242-09,Hancock17,5,54.9,5,1.09,62.3,15
MSZ242-13,Hancock17,5,49.7,5,1.089,66.3,14
MSZ251-1,Hancock17,5,52.5,2,1.082,66.4,13
MSZ269-18,Hancock17,5,44.5,3,1.078,65,15
NC470-3,Hancock17,5,74.3,8,1.087,59.8,14
NC472-1,Hancock17,5,79.3,5,1.077,66.2,14
NC473-2,Hancock17,5,66.7,5,1.068,67.7,15
NCB3171-7,Hancock17,5,61.9,4,1.078,63.7,15
ND0102642C-2,Hancock17,5,51.4,3,1.074,69.5,14
ND0102642C-2,Hancock17,5,61.2,3,1.078,66.9,12
ND092018C-2,Hancock17,5,44.5,2,1.085,65.8,14
ND113278-3,Hancock17,5,54.8,2,1.073,66.8,14
ND113278-3,Hancock17,5,50.7,2,1.075,59.7,14
ND113386Ab-5,Hancock17,5,52,3,1.076,61.6,14
ND113509C-2,Hancock17,5,47.5,1,1.079,66.2,15
ND12180ABC-8,Hancock17,5,52.8,3,1.08,66.3,15
ND12209C-3,Hancock17,5,62.5,5,1.082,69.1,12
ND124C-1,Hancock17,5,56.1,3,1.083,66.6,15
NDAF113470C-3,Hancock17,5,64.4,3,1.076,66.3,15
NDAF113491C-6,Hancock17,5,51.5,5,1.081,61.5,15
NDTX113030C-3W,Hancock17,5,54.5,2,1.081,62.1,12
NDTX113467CB-1W,Hancock17,5,55.8,3,1.093,66.4,15
NDTX1244-3W/Y,Hancock17,5,82.1,6,1.082,55.7,13
NY163,Hancock17,5,65.9,4,1.085,65.2,13
NY165,Hancock17,5,74.4,3,1.077,61.4,13
NY168,Hancock17,5,50.5,4,1.087,68,15
NYL8-12,Hancock17,5,62.1,5,1.081,56.6,14
NYM15-3,Hancock17,5,46.1,2,1.089,66,15
NYM7-4,Hancock17,5,63.2,5,1.081,68.8,15
NYN24-2,Hancock17,5,62.2,5,1.09,66.7,14
NYN52-5,Hancock17,5,57.2,5,1.081,67,14
NYN6-2,Hancock17,5,83.2,6,1.083,64.7,14
Petoskey,Hancock17,5,42.5,5,1.084,65.2,14
Snowden,Hancock17,5,58.5,3,1.075,67.4,14
TX13563-1W,Hancock17,5,34.6,1,1.078,64.5,15
W10659-16,Hancock17,5,46.8,5,1.077,63.1,12
W12078-76,Hancock17,5,59.4,5,1.09,64.3,15
W12082-5,Hancock17,5,38,3,1.081,60.9,14
W12NYN39-2,Hancock17,5,57,4,1.078,62.6,13
WAF13066-2,Hancock17,5,64.6,3,1.086,63,14
Atlantic,Hancock18,1,55.7,4,1.067,54.6,15
Hodag,Hancock18,1,40.4,5,1.072,53.5,15
Lamoka,Hancock18,1,42.1,3,1.074,63.8,15
Snowden,Hancock18,1,54.1,3,1.076,54.8,15
W14084-1,Hancock18,1,50.3,2,1.066,61.1,15
W14184-7,Hancock18,1,43.7,5,1.072,53.6,15
W14187-21,Hancock18,1,65.3,4,1.079,58.5,15
W14AF5949-2,Hancock18,1,46.5,4,1.073,49.9,15
W14AF6003-2,Hancock18,1,52.1,6,1.076,60.9,14
W14NYQ29-5,Hancock18,1,47.7,4,1.077,55,15
W14NYQ3-1,Hancock18,1,49.7,2,1.077,54.1,15
W14NYQ38-8,Hancock18,1,41.5,6,1.074,50.9,14
W14NYQ9-2,Hancock18,1,71.7,5,1.072,52.8,15
W15116-4,Hancock18,1,52.1,3,1.074,57.1,15
W15119-15,Hancock18,1,60.5,3,1.085,58.2,15
W15120-4,Hancock18,1,36.1,2,1.069,51.8,15
W15121-5,Hancock18,1,61,2,1.083,57.1,15
W15121-6,Hancock18,1,58.7,2,1.078,51.1,15
W15121-8,Hancock18,1,54.9,4,1.077,47.6,15
W15122-5,Hancock18,1,46.8,5,1.075,53.8,15
W15125-12,Hancock18,1,53.5,4,1.08,47,15
W15125-2,Hancock18,1,51.1,4,1.074,54.3,15
W15125-5,Hancock18,1,65.1,3,1.082,58.4,15
W15126-2,Hancock18,1,44.9,4,1.069,59,15
W15130-6,Hancock18,1,41,1,1.068,57.4,13
W15144-6,Hancock18,1,45.1,4,1.081,56.8,15
W15149-6,Hancock18,1,35.3,3,1.084,50.8,15
W15149-8,Hancock18,1,NA,5,1.077,48,9
W15150-12,Hancock18,1,51.9,5,1.075,49.8,14
W15150-3,Hancock18,1,59.6,3,1.088,55.8,15
W15151-4,Hancock18,1,51.2,5,1.074,55.6,15
W15151-9,Hancock18,1,64.9,3,1.075,55.2,15
W15152-2,Hancock18,1,46.8,5,1.078,51.7,15
W15156-2,Hancock18,1,38.7,2,1.086,47.2,15
W15158-15,Hancock18,1,NA,6,NA,55.2,5
W15165-1,Hancock18,1,42.4,6,1.076,56.8,15
W15165-15,Hancock18,1,37.5,5,1.072,57.1,15
W15174-1,Hancock18,1,41.8,4,1.076,45.1,13
W15184-4,Hancock18,1,58.6,2,1.082,58.4,15
W15190-6,Hancock18,1,50.5,5,1.075,52.9,15
W15193-1,Hancock18,1,41,3,1.084,57.3,13
W15194-4,Hancock18,1,29.2,3,1.079,58.7,15
W15200-3,Hancock18,1,46.9,4,1.079,53.6,12
W15200-7,Hancock18,1,NA,4,1.078,50.8,5
W15204-8,Hancock18,1,52.8,2,1.078,51.1,15
W15205-2,Hancock18,1,42.5,4,1.084,59.1,14
W15209-4,Hancock18,1,50.5,2,1.072,51.3,15
W15214-1,Hancock18,1,48.9,2,1.08,59.3,15
W15220-1,Hancock18,1,55.9,4,1.065,44.9,14
W15225-1,Hancock18,1,62.5,6,1.077,50.1,15
W15NYR10-3,Hancock18,1,27.2,3,1.086,57.6,14
W15NYR10-7,Hancock18,1,44.6,6,1.068,57.6,14
W15NYR11-13,Hancock18,1,55.3,6,1.076,54.2,15
W15NYR16-2,Hancock18,1,62,6,1.073,60.5,15
W15NYR5-3,Hancock18,1,31,3,1.084,57.7,15
W15NYR9-8,Hancock18,1,54.9,7,1.069,50.5,13
Atlantic,Hancock18,2,46.9,5,1.075,NA,15
Hodag,Hancock18,2,41.8,5,1.067,50.8,13
Lamoka,Hancock18,2,36.5,3,1.069,62.5,15
Snowden,Hancock18,2,51.7,3,1.07,56.5,15
W14183-2,Hancock18,2,67.9,3,1.07,53.8,15
W14186-21,Hancock18,2,40.5,3,1.065,52.7,15
W14190-15,Hancock18,2,44.5,2,1.062,53.4,14
W14AF5992-2,Hancock18,2,62.9,4,1.069,55.4,15
W14AF6018-1,Hancock18,2,35.8,3,1.081,56,15
W14NYQ23-11,Hancock18,2,29.4,5,1.085,54.3,14
W14NYQ28-3,Hancock18,2,56.5,7,1.071,62.4,15
W14NYQ38-14,Hancock18,2,63.6,6,1.066,55.8,15
W14NYQ4-1,Hancock18,2,54.9,4,1.076,56.4,15
W15116-8,Hancock18,2,52.8,3,1.076,52.3,15
W15117-6,Hancock18,2,49.6,5,1.09,55.7,15
W15118-3,Hancock18,2,64.9,4,1.076,55.9,15
W15121-4,Hancock18,2,46,4,1.081,52,15
W15125-10,Hancock18,2,55.3,2,1.059,58.4,15
W15126-3,Hancock18,2,NA,4,1.07,56.9,9
W15138-3,Hancock18,2,31.3,3,1.069,56.9,15
W15142-6,Hancock18,2,50,4,1.073,59.6,14
W15144-23,Hancock18,2,33.6,3,1.076,54.8,15
W15144-9,Hancock18,2,51,5,1.071,52.2,12
W15145-10,Hancock18,2,NA,5,1.079,50.6,4
W15145-6,Hancock18,2,42.2,2,1.074,55.1,14
W15149-1,Hancock18,2,32.7,2,1.074,55.8,15
W15149-2,Hancock18,2,24.1,1,1.056,48.2,15
W15151-1,Hancock18,2,47.2,4,1.082,53.2,15
W15151-6,Hancock18,2,42,4,1.067,55.1,15
W15158-14,Hancock18,2,42,3,1.068,50.3,15
W15158-21,Hancock18,2,41.2,3,1.066,56.2,13
W15161-2,Hancock18,2,40.9,3,1.065,63.1,15
W15161-7,Hancock18,2,22.5,1,1.07,61.3,15
W15161-8,Hancock18,2,NA,4,1.074,54.8,9
W15164-2,Hancock18,2,45.2,4,1.067,49.8,13
W15165-16,Hancock18,2,40.3,2,1.069,49.8,15
W15165-3,Hancock18,2,44.4,3,1.066,55.7,15
W15168-3,Hancock18,2,NA,3,1.068,53.2,9
W15169-2,Hancock18,2,32.1,4,1.082,57.4,15
W15180-10,Hancock18,2,38.6,4,1.064,55.7,15
W15180-12,Hancock18,2,31.1,5,1.08,46.4,14
W15183-1,Hancock18,2,32.3,3,1.075,51,15
W15184-22,Hancock18,2,45.9,3,1.073,57.4,15
W15184-23,Hancock18,2,39,4,1.077,51.6,15
W15198-1,Hancock18,2,29.6,1,1.069,53.6,15
W15199-2,Hancock18,2,61.3,3,1.069,48.4,15
W15200-8,Hancock18,2,NA,2,1.07,55.4,8
W15211-7,Hancock18,2,46.6,2,1.072,44.8,11
W15212-11,Hancock18,2,45,3,1.079,56.3,15
W15218-1,Hancock18,2,NA,6,1.081,50.4,8
W15225-4,Hancock18,2,39.4,1,1.072,53.6,15
W15NYR10-6,Hancock18,2,45.1,2,1.07,54.8,15
W15NYR19-1,Hancock18,2,30.6,1,1.062,61.2,15
W15NYR5-2,Hancock18,2,48.7,5,1.075,62,15
W15NYR9-3,Hancock18,2,42.6,2,1.079,59.9,15
W15NYR9-6,Hancock18,2,41.7,4,1.07,59,15
Atlantic,Hancock18,3,51.1,4,1.079,54.8,15
Hodag,Hancock18,3,39.1,2,1.072,50.5,15
Lamoka,Hancock18,3,32.2,2,1.075,56.3,15
Snowden,Hancock18,3,48.4,4,1.074,51.2,15
W14184-5,Hancock18,3,55.2,3,1.074,54.1,15
W14187-2,Hancock18,3,33.8,2,1.076,55,14
W14AF5938-11,Hancock18,3,44,1,1.071,57.8,15
W14AF5997-1,Hancock18,3,42.1,5,1.076,52,14
W14AF6037-5,Hancock18,3,41.6,2,1.071,53.1,15
W14NYQ104-4,Hancock18,3,65.2,6,1.069,57.5,13
W14NYQ29-6,Hancock18,3,31.2,3,1.068,57.6,12
W14NYQ4-5,Hancock18,3,50.2,5,1.066,59.7,14
W14NYQ9-3,Hancock18,3,54.3,5,1.074,58.4,14
W15116-1,Hancock18,3,48.5,4,1.074,NA,15
W15119-1,Hancock18,3,45.7,3,1.078,53.7,15
W15119-24,Hancock18,3,41.2,3,1.082,56.5,15
W15121-9,Hancock18,3,55.1,1,1.08,52.6,15
W15122-6,Hancock18,3,NA,2,1.075,48.8,9
W15122-7,Hancock18,3,29.8,3,1.083,52.1,15
W15125-4,Hancock18,3,58.5,4,1.071,49,15
W15126-9,Hancock18,3,49.8,4,1.08,55.8,15
W15137-1,Hancock18,3,41.1,4,1.075,54.1,15
W15142-8,Hancock18,3,41.9,1,1.084,55.3,15
W15143-3,Hancock18,3,34.9,3,1.076,53.1,15
W15144-19,Hancock18,3,45.7,3,1.081,56.4,15
W15144-21,Hancock18,3,32.8,4,1.065,58.5,15
W15144-32,Hancock18,3,NA,5,1.082,56.2,8
W15147-19,Hancock18,3,34,3,1.066,55.9,13
W15149-7,Hancock18,3,61.3,4,1.077,53.3,11
W15151-2,Hancock18,3,39.7,3,1.07,47.4,15
W15156-1,Hancock18,3,37.9,5,1.079,53.1,15
W15160-8,Hancock18,3,28.5,3,1.072,51.6,15
W15161-5,Hancock18,3,51.1,2,1.068,52.6,12
W15162-2,Hancock18,3,46.8,1,1.071,53.2,15
W15162-4,Hancock18,3,40.2,3,1.067,52.4,15
W15164-3,Hancock18,3,50.2,5,1.088,56.6,15
W15167-1,Hancock18,3,29.4,2,1.067,53.6,15
W15170-10,Hancock18,3,41.8,1,1.067,51.9,15
W15170-3,Hancock18,3,62,4,1.064,57.6,15
W15184-2,Hancock18,3,48.3,2,1.072,52.7,15
W15184-27,Hancock18,3,36,3,1.079,57.1,15
W15184-6,Hancock18,3,43.6,4,1.079,55.5,15
W15184-8,Hancock18,3,38.7,2,1.075,57.6,15
W15194-7,Hancock18,3,31.2,2,1.076,49.8,15
W15202-4,Hancock18,3,38.9,3,1.078,53.3,15
W15204-9,Hancock18,3,46.7,4,1.073,59.1,15
W15212-5,Hancock18,3,45.8,4,1.065,50.6,13
W15214-2,Hancock18,3,46.7,5,1.084,58.2,15
W15214-3,Hancock18,3,48,4,1.078,50.4,15
W15AF6243-4,Hancock18,3,56.6,4,1.077,55.2,15
W15NYR10-4,Hancock18,3,48,3,1.074,60,15
W15NYR10-5,Hancock18,3,45.1,4,1.073,52.1,12
W15NYR10-8,Hancock18,3,50.3,5,1.087,56.3,13
W15NYR11-11,Hancock18,3,52.3,6,1.076,52.5,15
W15NYR11-8,Hancock18,3,52.5,5,1.079,51.9,15
W15NYR7-2,Hancock18,3,34.2,1,1.066,59.2,15
A11516-1C,Hancock18,4,45.7,3,1.07,52.4,15
AF5563-2,Hancock18,4,57.2,3,1.07,61.8,12
AF5563-5,Hancock18,4,47.8,5,1.062,59.6,15
AF5635-8,Hancock18,4,59.1,6,1.081,60.2,15
AF5677-4,Hancock18,4,55.6,4,1.07,50.4,15
AF5825-3,Hancock18,4,61.1,4,1.087,56.4,15
AF5938-6,Hancock18,4,54.7,6,1.065,58.4,15
AF6027-2,Hancock18,4,55.4,3,1.067,61.3,15
AFC5687-2W,Hancock18,4,45.2,3,1.067,57.1,15
AOR09034-3,Hancock18,4,NA,7,1.071,54.7,5
AOR12197-4,Hancock18,4,58.9,6,1.073,59.5,15
AOR13125-2,Hancock18,4,NA,NA,1.08,57.6,NA
AORTX09037-5W/Y,Hancock18,4,61.1,4,1.072,59.7,15
AORTX09144-2W,Hancock18,4,46.6,6,1.066,54.2,14
Atlantic,Hancock18,4,52.4,4,1.072,55.9,15
B2904-2,Hancock18,4,61.6,3,1.072,52.4,15
B3012-1,Hancock18,4,59.7,1,1.072,48.8,15
B3183-6,Hancock18,4,61.4,5,1.072,60.3,15
B3299-5,Hancock18,4,NA,NA,NA,51.8,NA
BNC544-2,Hancock18,4,35,2,1.08,59.6,15
CO10073-7W,Hancock18,4,58.3,3,1.07,59.2,15
CO10076-4W,Hancock18,4,47.3,3,1.061,58.6,15
CO11023-2W,Hancock18,4,38.4,6,1.074,58.4,12
CO11023-9W,Hancock18,4,39.1,7,1.072,53.4,13
CO11037-5W,Hancock18,4,51.9,6,1.071,55.8,15
COOR13270-2,Hancock18,4,NA,NA,1.073,59,NA
COTX12235-2W,Hancock18,4,43.9,2,1.068,58.3,12
COTX12428-1W,Hancock18,4,NA,4,1.07,50.1,6
Lamoka,Hancock18,4,34.9,3,1.073,60,15
MSAA072-04,Hancock18,4,NA,NA,1.076,57.8,NA
MSAA072-05,Hancock18,4,40,4,1.074,61.8,15
MSAA252-07,Hancock18,4,NA,NA,1.074,44.1,NA
MSAA290-02,Hancock18,4,37.5,7,1.066,47.8,12
MSAA309-15,Hancock18,4,NA,NA,1.064,58.6,NA
MSAA324-04,Hancock18,4,NA,NA,1.06,51.4,NA
MSAA328-04,Hancock18,4,55.5,5,1.069,59.8,14
MSAA342-02,Hancock18,4,NA,8,1.07,55.6,7
MSAA342-11Y,Hancock18,4,NA,NA,1.064,58.3,NA
MSAA556-03Y,Hancock18,4,43.8,4,1.065,56,15
MSAA678-01,Hancock18,4,47.7,4,1.077,59.2,15
MSAFB605-4,Hancock18,4,54.3,5,1.074,59.9,15
MSAFB610-2,Hancock18,4,48.3,6,1.069,53.9,15
MSAFB610-4,Hancock18,4,74,6,1.072,57.8,15
MSAFB614-6,Hancock18,4,59.8,5,1.076,57.4,11
MSAFB618-2,Hancock18,4,42,4,1.075,59.1,15
MSAFB618-3,Hancock18,4,38.6,5,1.07,56.8,15
MSAFB635-3,Hancock18,4,65.4,3,1.077,58,15
MSV507-003,Hancock18,4,32.5,3,1.077,57.1,15
MSV507-012,Hancock18,4,31.8,5,1.076,56.2,11
MSW004-1,Hancock18,4,56.9,6,1.083,50.6,15
MSX111-3,Hancock18,4,70.5,8,1.088,63.3,14
MSX225-2,Hancock18,4,49.5,5,1.071,52.2,10
MSY022-2,Hancock18,4,NA,6,1.066,50.9,9
MSY041-1,Hancock18,4,61.6,7,1.078,57.9,15
MSY156-2,Hancock18,4,60,7,1.078,55.5,15
MSZ022-16,Hancock18,4,48.9,5,1.073,60.1,15
MSZ042-7,Hancock18,4,53,4,1.088,58.9,14
MSZ242-09,Hancock18,4,56.9,7,1.076,56.1,15
MSZ242-13,Hancock18,4,47.6,6,1.088,57.4,15
MSZ246-1,Hancock18,4,54.8,6,1.08,58.7,10
NC470-3,Hancock18,4,NA,5,1.065,59.7,8
NCB3171-7,Hancock18,4,53.6,4,1.075,59.7,12
ND113307C-3,Hancock18,4,48.5,4,1.067,53,15
ND12180ABC-8,Hancock18,4,57.4,2,1.067,59.5,13
ND14358AB-1,Hancock18,4,50.4,5,1.073,57.6,15
ND14437CAB-1,Hancock18,4,35.7,1,1.065,55.7,15
ND14437CAB-2,Hancock18,4,40.4,5,1.081,52.7,13
NDAF113470C-3,Hancock18,4,64.5,4,1.071,49.1,15
NDAF14437CAB-3,Hancock18,4,30.4,4,1.067,58.5,14
NDTX12203AB-1W,Hancock18,4,34.5,1,1.058,62.8,15
NDTX1244-3W/Y,Hancock18,4,65.1,7,1.074,57.3,15
NDTX1246-3W,Hancock18,4,47,6,1.061,58.4,14
NDTX1246-5W/Y,Hancock18,4,52.4,1,1.073,58.6,15
NY165,Hancock18,4,65.5,5,1.07,62.7,15
NY166,Hancock18,4,61.2,4,1.071,60.7,15
NY169,Hancock18,4,63.1,2,1.076,62,15
NYP103-22,Hancock18,4,56,3,1.072,58.7,10
NYP111-16,Hancock18,4,52.3,4,1.071,62.2,15
NYP118-6,Hancock18,4,77.8,3,1.069,55.9,14
OR09256-2,Hancock18,4,65.4,6,1.079,56.8,10
Petoskey,Hancock18,4,26.7,2,1.084,60.1,15
Pike,Hancock18,4,51.1,8,1.078,60,14
Snowden,Hancock18,4,50.5,4,1.067,61.9,15
TX12483-6W,Hancock18,4,25.7,2,1.065,57.7,15
W12078-76,Hancock18,4,54,6,1.081,60.4,12
W13057-3,Hancock18,4,64.9,4,1.074,59.5,15
W13058-4,Hancock18,4,51.8,5,1.083,57.8,15
W13069-5,Hancock18,4,31.9,3,1.071,57.9,15
W13NYP19-2,Hancock18,4,63.6,5,1.085,63.9,15
W9968-5,Hancock18,4,56.5,6,1.077,55.4,15
WAF14187-5,Hancock18,4,52.7,4,1.077,58.4,15
WIA14067-1C,Hancock18,4,61.9,5,1.068,55.8,15
A11520-1C,Hancock18,5,58.2,3,1.056,51.4,15
AF5563-2,Hancock18,5,52.6,3,1.069,60.5,11
AF5563-5,Hancock18,5,38.3,3,1.057,61,15
AF5819-2,Hancock18,5,80.6,5,1.066,54.4,15
AF6037-2,Hancock18,5,50.5,3,1.073,57.5,15
AF6037-3,Hancock18,5,52.3,4,1.049,57.4,14
AFC5687-2W,Hancock18,5,46.2,6,1.064,57.7,12
AOR09034-3,Hancock18,5,NA,6,1.071,54.9,4
AOR12197-4,Hancock18,5,63.9,4,1.065,54.4,10
AOR13125-9,Hancock18,5,NA,NA,1.082,54.4,NA
AORTX09037-5W/Y,Hancock18,5,48.7,4,1.067,60,15
AORTX09144-2W,Hancock18,5,43.5,6,1.072,52.7,14
Atlantic,Hancock18,5,43.5,5,1.074,55.8,15
B2904-2,Hancock18,5,54.8,3,1.07,49.8,15
B3012-1,Hancock18,5,65.8,1,1.074,51.5,15
B3183-6,Hancock18,5,50.1,4,1.08,58,15
B3296-3,Hancock18,5,40.9,2,1.072,55,15
B3297-1,Hancock18,5,33.5,3,1.072,54.9,13
B3305-1,Hancock18,5,44.8,4,1.075,58,12
BNC544-2,Hancock18,5,40.7,1,1.079,58.6,15
CO10073-7W,Hancock18,5,51.8,4,1.07,56.3,15
CO10076-4W,Hancock18,5,48.4,4,1.064,59,15
CO11023-2W,Hancock18,5,47.6,6,1.073,57.4,12
CO11037-5W,Hancock18,5,50.3,5,1.071,57.1,15
COOR13428-1,Hancock18,5,NA,2,1.074,62.9,9
COTX12235-2W,Hancock18,5,32.4,5,1.064,57.3,15
COTX12428-1W,Hancock18,5,NA,5,1.062,55.6,6
Lamoka,Hancock18,5,32,2,1.073,62.8,13
MSAA036-09,Hancock18,5,NA,NA,1.06,57.2,NA
MSAA038-09Y,Hancock18,5,59,7,1.071,63.1,10
MSAA076-04,Hancock18,5,49,4,1.07,47.8,14
MSAA091-01,Hancock18,5,NA,3,1.07,57.8,6
MSAA241-01,Hancock18,5,NA,5,1.062,42.3,8
MSAA260-03,Hancock18,5,48.1,7,1.072,56.6,12
MSAA271-05,Hancock18,5,50.3,5,1.057,55.7,14
MSAA313-01,Hancock18,5,NA,2,NA,57.3,7
MSAA498-07,Hancock18,5,33.6,6,1.073,51.3,11
MSAA725-03,Hancock18,5,39.1,4,1.065,59.3,15
MSAFB609-12,Hancock18,5,32.7,4,1.072,58.3,15
MSAFB609-5,Hancock18,5,58.3,4,1.072,56.8,15
MSAFB614-4,Hancock18,5,50.6,4,1.068,52.5,15
MSAFB618-2,Hancock18,5,26.9,6,1.075,61.3,15
MSAFB618-3,Hancock18,5,44,6,1.073,59.6,15
MSAFB619-2,Hancock18,5,57.7,8,1.072,55.1,15
MSAFB626-8,Hancock18,5,48.8,5,1.066,43.7,15
MSAFB635-15,Hancock18,5,52.8,5,1.074,61.2,15
MSV507-003,Hancock18,5,31.7,4,1.075,60.5,14
MSV507-012,Hancock18,5,24.5,2,1.075,52.1,14
MSW004-1,Hancock18,5,NA,NA,1.077,45.8,NA
MSX111-3,Hancock18,5,58.8,8,1.085,59.2,15
MSX225-2,Hancock18,5,36.9,4,1.072,55.1,11
MSY022-2,Hancock18,5,46.5,4,1.07,43.3,12
MSY041-1,Hancock18,5,56.7,6,1.079,56,15
MSY156-2,Hancock18,5,64,7,1.081,55.8,11
MSZ022-16,Hancock18,5,47.7,6,1.067,56.6,12
MSZ042-7,Hancock18,5,37.4,4,1.077,59.1,15
MSZ242-09,Hancock18,5,56.4,4,1.08,57.6,15
MSZ242-13,Hancock18,5,35.9,5,1.083,62,15
MSZ246-1,Hancock18,5,42.7,6,1.081,54.5,15
NC470-3,Hancock18,5,57.4,7,1.083,57.8,12
NCB3171-7,Hancock18,5,46.2,3,1.073,53.6,15
ND102921C-3,Hancock18,5,45.6,1,1.072,54.6,15
ND12180ABC-8,Hancock18,5,52,3,1.069,60.8,15
ND1221-1,Hancock18,5,39.5,3,1.06,57.3,13
ND122C-1,Hancock18,5,46.3,3,1.074,59.4,15
ND1328YABC-1,Hancock18,5,70.3,6,1.079,55.9,15
NDA1448CAB-1C,Hancock18,5,NA,5,1.05,55.9,9
NDAF113470C-3,Hancock18,5,55.6,4,1.072,49.4,15
NDTX12203AB-1W,Hancock18,5,40.6,4,1.068,56.7,12
NDTX1244-3W/Y,Hancock18,5,59.5,3,1.073,59.8,15
NDTX1246-3W,Hancock18,5,49.1,3,1.077,58.3,10
NY165,Hancock18,5,61.7,4,1.072,58,15
NY168,Hancock18,5,57.1,6,1.085,61.5,15
NY170,Hancock18,5,63.3,6,1.091,61.5,15
NYN16-10,Hancock18,5,41,6,1.075,56.8,15
NYOR14Q9-5,Hancock18,5,NA,6,1.061,60.3,3
NYOR14Q9-9,Hancock18,5,59.9,6,1.067,58.3,12
NYP103-1,Hancock18,5,71.6,6,1.08,61,15
NYP108-2,Hancock18,5,69.4,4,1.074,59.2,15
NYP108-6,Hancock18,5,49.1,3,1.076,64,12
NYP114-1,Hancock18,5,58.6,7,1.071,60.4,13
NYP116-6,Hancock18,5,63.9,7,1.076,59.8,15
NYP119-3,Hancock18,5,46.5,4,1.073,61.6,15
NYP19-2,Hancock18,5,56.2,4,1.074,62.4,15
OR09256-2,Hancock18,5,NA,3,1.077,58.3,9
Petoskey,Hancock18,5,26.9,2,1.079,62.1,15
Pike,Hancock18,5,49,6,1.077,56.4,15
Snowden,Hancock18,5,62.4,4,1.077,58.4,15
TX13580-1W,Hancock18,5,NA,8,NA,59.4,6
TX14695-2W,Hancock18,5,45.4,6,1.057,57.7,11
W12078-76,Hancock18,5,49,6,1.082,60.3,15
W13058-19,Hancock18,5,30.9,5,1.083,57.9,15
W9968-5,Hancock18,5,57.4,7,1.08,53.5,15
Atlantic,Hancock19,1,56,6,1.087,47.9,15
Hodag,Hancock19,1,77.9,5,1.08,58.3,15
Lamoka,Hancock19,1,54.5,5,1.08,64.2,15
Pinnacle,Hancock19,1,59.7,5,1.083,64.5,15
Snowden,Hancock19,1,60.1,5,1.083,63.9,15
W15119-24,Hancock19,1,54,6,1.084,60.4,15
W15125-4,Hancock19,1,60.3,6,1.076,53.1,13
W15151-2,Hancock19,1,53,5,1.074,43.8,15
W15162-2,Hancock19,1,34.6,2,1.073,58.1,14
W15164-2,Hancock19,1,50.4,5,1.075,56,15
W15174-1,Hancock19,1,46.5,4,1.081,44.5,15
W15199-2,Hancock19,1,70.7,6,1.071,54.8,14
W15200-3,Hancock19,1,45.2,5,1.087,NA,15
W15200-8,Hancock19,1,42.2,3,1.076,67.3,15
W15NYR11-11,Hancock19,1,51.7,6,1.063,57.5,15
W15NYR11-13,Hancock19,1,55.9,6,1.073,62.4,15
W15NYR11-8,Hancock19,1,62.6,6,1.077,64.3,15
W15NYR16-2,Hancock19,1,50.3,4,1.071,67.8,12
W15NYR5-2,Hancock19,1,50.6,4,1.078,63.3,15
W15NYR7-2,Hancock19,1,44.5,3,1.081,62.9,15
W15NYR9-6,Hancock19,1,38.6,4,1.075,66.3,14
W15NYR9-8,Hancock19,1,57.7,3,1.076,59.9,14
W16090-2,Hancock19,1,47,3,1.078,60.6,14
W16098-12,Hancock19,1,36.6,4,1.064,51.4,15
W16099-11,Hancock19,1,51.7,6,1.082,60,15
W16100-13,Hancock19,1,55.1,4,1.078,59.2,15
W16100-19,Hancock19,1,48.2,5,1.079,57.3,14
W16100-22,Hancock19,1,47.9,4,1.076,60.6,15
W16100-26,Hancock19,1,42,2,1.074,51.5,15
W16100-29,Hancock19,1,69.6,4,1.078,61,15
W16100-3,Hancock19,1,54.4,3,1.084,58.9,13
W16100-38,Hancock19,1,39.4,3,1.074,60.8,15
W16100-39,Hancock19,1,46.8,4,1.079,53.8,14
W16100-44,Hancock19,1,46.1,5,1.081,60.3,15
W16100-49,Hancock19,1,56.5,5,1.082,57.3,15
W16100-50,Hancock19,1,50.8,7,1.084,64.5,15
W16100-60,Hancock19,1,44.4,4,1.074,46.1,15
W16101-11,Hancock19,1,43.7,4,1.08,55.7,14
W16101-15,Hancock19,1,50.1,6,1.077,59.3,15
W16102-3,Hancock19,1,57.7,4,1.08,58.2,15
W16102-6,Hancock19,1,58.8,4,1.079,59.5,15
W16103-4,Hancock19,1,48.9,5,1.07,54.4,15
W16104-5,Hancock19,1,54.1,7,1.075,59.3,15
W16105-1,Hancock19,1,48.5,3,1.079,58.1,15
W16111-3,Hancock19,1,51.4,5,1.083,58.8,15
W16118-3,Hancock19,1,46.4,5,1.085,64.9,15
W16125-1,Hancock19,1,48.2,5,1.074,57.7,12
W16127-1,Hancock19,1,45.5,6,1.078,62.4,13
W16130-21,Hancock19,1,53.2,5,1.087,55,14
W16130-26,Hancock19,1,61.7,5,1.089,53.2,15
W16130-4,Hancock19,1,43.8,4,1.076,59.6,15
W16130-69,Hancock19,1,57.9,6,1.082,53.8,15
W16130-70,Hancock19,1,50.1,6,1.085,61.1,15
W16130-78,Hancock19,1,56.1,7,1.084,56.8,15
W16131-12,Hancock19,1,54,5,1.072,52.5,15
W16131-15,Hancock19,1,68.7,7,1.084,60.8,15
W16133-32,Hancock19,1,38.3,3,1.084,62.6,15
W16133-35,Hancock19,1,61.5,4,1.081,55.6,15
W16134-10,Hancock19,1,40,6,1.081,61.6,15
W16134-12,Hancock19,1,63.5,5,1.086,52,15
W16134-13,Hancock19,1,45.8,5,1.09,59.7,15
W16134-4,Hancock19,1,53.6,4,1.083,59.5,15
W16135-12,Hancock19,1,39.4,3,1.083,57.7,15
W16135-26,Hancock19,1,41.3,5,1.085,66,15
W16135-4,Hancock19,1,53.2,6,1.083,57.4,15
W16136-1,Hancock19,1,36.1,8,1.075,61.1,14
W16137-8,Hancock19,1,49.9,5,1.097,61.3,14
W16219-3,Hancock19,1,60.2,5,1.082,63.9,13
W16AF6537-6,Hancock19,1,46.7,5,1.076,56.5,15
W16NYS2-4,Hancock19,1,37.9,4,1.078,61.6,15
Atlantic,Hancock19,2,56,8,1.085,53.2,15
Hodag,Hancock19,2,62,6,1.081,61.6,15
Lamoka,Hancock19,2,50.6,4,1.083,66.2,15
Pinnacle,Hancock19,2,63.1,4,1.085,57.7,15
Snowden,Hancock19,2,54.2,6,1.081,62.2,15
W15119-24,Hancock19,2,45.1,5,1.085,59.6,15
W15125-4,Hancock19,2,65.2,6,1.076,49.3,15
W15151-2,Hancock19,2,62.9,5,1.072,46.2,14
W15162-2,Hancock19,2,30.4,5,1.069,56.3,15
W15164-2,Hancock19,2,56.5,5,1.076,58.2,13
W15174-1,Hancock19,2,52.1,7,1.08,44.4,15
W15199-2,Hancock19,2,63.2,5,1.072,57.1,15
W15200-3,Hancock19,2,53.2,6,1.089,61.3,15
W15200-8,Hancock19,2,48.5,4,1.08,69.2,15
W15NYR11-11,Hancock19,2,49.3,5,1.069,64.4,14
W15NYR11-13,Hancock19,2,75.4,7,1.076,63.6,15
W15NYR11-8,Hancock19,2,51.2,6,1.075,61.9,15
W15NYR16-2,Hancock19,2,67.9,8,1.073,59.5,15
W15NYR5-2,Hancock19,2,53.3,4,1.078,64.9,15
W15NYR7-2,Hancock19,2,51.1,3,1.082,65.3,15
W15NYR9-6,Hancock19,2,37.8,7,1.077,67.6,14
W15NYR9-8,Hancock19,2,52.8,6,1.077,60.1,14
W16090-1,Hancock19,2,32.1,4,1.076,63,15
W16091-4,Hancock19,2,39.4,6,1.08,61.5,15
W16091-5,Hancock19,2,53.4,6,1.079,57,15
W16094-1,Hancock19,2,68.7,4,1.085,48.6,15
W16095-4,Hancock19,2,51,5,1.082,60.7,15
W16099-10,Hancock19,2,58.8,3,1.082,58,15
W16099-2,Hancock19,2,65.5,7,1.084,54.2,15
W16099-6,Hancock19,2,36.3,7,1.086,61,15
W16100-12,Hancock19,2,52.9,4,1.078,60.7,15
W16100-2,Hancock19,2,49.1,6,1.083,58.9,15
W16100-21,Hancock19,2,52.1,6,1.071,55,14
W16100-27,Hancock19,2,49.1,4,1.068,52.5,15
W16100-28,Hancock19,2,58.1,4,1.075,49.1,15
W16100-30,Hancock19,2,50.9,4,1.079,58,15
W16100-32,Hancock19,2,33.2,2,1.078,62.6,15
W16100-54,Hancock19,2,70.1,6,1.09,62,15
W16100-64,Hancock19,2,65.9,5,1.078,62.3,15
W16100-7,Hancock19,2,45,4,1.079,59.6,15
W16101-5,Hancock19,2,49.9,5,1.081,62.3,15
W16101-9,Hancock19,2,40.5,3,1.078,60.6,15
W16103-11,Hancock19,2,58.4,6,1.072,59.6,15
W16103-2,Hancock19,2,49.5,4,1.078,61,15
W16103-5,Hancock19,2,52,5,1.079,56.5,14
W16115-9,Hancock19,2,52.5,5,1.079,55.4,15
W16119-1,Hancock19,2,51.2,6,1.08,60.6,15
W16126-7,Hancock19,2,68.1,5,1.073,56.3,15
W16127-13,Hancock19,2,67.9,7,1.068,55.2,15
W16128-12,Hancock19,2,73.9,7,1.087,62.4,15
W16130-10,Hancock19,2,40.2,6,1.068,61,15
W16130-15,Hancock19,2,60.8,8,1.082,61.5,15
W16130-22,Hancock19,2,70.7,5,1.078,52.7,15
W16130-52,Hancock19,2,32.1,5,1.086,65.3,15
W16130-57,Hancock19,2,48.4,6,1.082,47.2,15
W16130-59,Hancock19,2,47.5,6,1.082,61.3,15
W16130-65,Hancock19,2,71.7,5,1.069,54.2,15
W16130-71,Hancock19,2,51.2,4,1.082,62.2,15
W16131-10,Hancock19,2,35.4,7,1.074,57.6,14
W16131-11,Hancock19,2,66.8,7,1.081,59,15
W16132-13,Hancock19,2,53.2,7,1.081,51,15
W16132-14,Hancock19,2,44.3,4,1.076,62.3,15
W16134-14,Hancock19,2,32.5,4,1.095,64.9,15
W16135-14,Hancock19,2,50.9,5,1.085,63.3,15
W16137-2,Hancock19,2,47.7,7,1.075,61.6,15
W16219-8,Hancock19,2,52.3,5,1.079,55.7,15
W16220-11,Hancock19,2,36.1,2,1.072,63.8,15
W16AF6537-3,Hancock19,2,52.5,5,1.077,59.1,14
W16NYS27-1,Hancock19,2,55.8,7,1.07,61.1,15
AF5960-4,Hancock19,3,42.6,3,1.083,63.3,15
AF5973-3,Hancock19,3,74.6,6,1.085,58,13
AF5975-1,Hancock19,3,46.2,5,1.077,45.1,15
AF6024-1,Hancock19,3,64.9,4,1.067,41.2,15
AF6036-1,Hancock19,3,43.6,4,1.071,54.6,15
AF6188-9,Hancock19,3,45.8,5,1.08,54.7,13
AF6200-4,Hancock19,3,56.6,6,1.076,46.3,15
AF6243-10,Hancock19,3,36.2,4,1.083,59.7,15
AOR12197-4,Hancock19,3,60.1,7,1.069,51.7,15
AOR12197-4,Hancock19,3,63.4,6,1.071,52.4,15
Atlantic,Hancock19,3,48.5,5,1.08,47,15
B2904-2,Hancock19,3,52.4,4,1.082,42,15
BNC742-2,Hancock19,3,35.8,2,1.067,52.4,15
CO12293-1W,Hancock19,3,62.4,6,1.075,54.4,15
COOR13270-2,Hancock19,3,44.1,5,1.078,53.6,14
Hodag,Hancock19,3,70.1,9,1.082,59.5,15
Lamoka,Hancock19,3,48.6,5,1.077,59.9,13
MSAA036-09,Hancock19,3,NA,4,1.066,53.1,5
MSAA036-10,Hancock19,3,36.2,4,1.07,52.9,14
MSAA036-10,Hancock19,3,44.7,5,1.071,54.6,15
MSAA076-04,Hancock19,3,65.6,5,1.07,52.3,15
MSAA076-04,Hancock19,3,68.3,4,1.075,51.9,15
MSAA217-3,Hancock19,3,55.9,4,1.09,49.4,15
MSAA240-06,Hancock19,3,58.4,5,1.08,60.3,15
MSAA252-07,Hancock19,3,77.4,4,1.071,44.3,15
MSAA254-04,Hancock19,3,72.3,4,1.076,38,15
MSAA254-04,Hancock19,3,70.3,5,1.075,46.7,15
MSAA275-03,Hancock19,3,71.5,5,1.072,45,15
MSAA309-15,Hancock19,3,53.3,3,1.078,52.8,15
MSAA313-01,Hancock19,3,47.4,2,1.069,48.4,14
MSAA324-04,Hancock19,3,58.2,5,1.069,57.4,15
MSAA328-04,Hancock19,3,54.2,6,1.073,40.8,15
MSAA498-18,Hancock19,3,50.1,5,1.075,48,14
MSAA513-01,Hancock19,3,62.8,5,1.082,53.3,14
MSAA678-01,Hancock19,3,56.8,5,1.074,52.2,15
MSAA678-01,Hancock19,3,51.3,4,1.079,54.7,15
MSAFB605-4,Hancock19,3,59.7,7,1.075,52.1,13
MSAFB635-3,Hancock19,3,56.2,6,1.078,56.1,15
MSBB008-03,Hancock19,3,65.4,5,1.074,46.3,15
MSBB060-01,Hancock19,3,62,5,1.073,47.3,15
MSBB067-02,Hancock19,3,45.6,4,1.075,53.7,15
MSBB611-03,Hancock19,3,63.6,6,1.078,46.2,15
MSBB618-02,Hancock19,3,32.9,4,1.057,56.7,14
MSBB618-09,Hancock19,3,60.6,5,1.068,45.2,15
MSBB623-12,Hancock19,3,60.9,4,1.066,55.7,15
MSBB631-04,Hancock19,3,51.8,3,1.071,52,15
MSBB633-18,Hancock19,3,65.3,6,1.076,48.7,15
MSCC248-03,Hancock19,3,50.9,4,1.09,57.6,15
MSCC256-02,Hancock19,3,44,3,1.073,54.7,15
NC475-3,Hancock19,3,49.5,5,1.085,49.7,15
ND113307C-3,Hancock19,3,57,5,1.078,54.3,15
ND13219C-4,Hancock19,3,43.7,4,1.084,58.2,15
NDTX12135-1W,Hancock19,3,NA,5,1.07,45.7,13
NY166,Hancock19,3,69,5,1.075,55.6,15
NY166,Hancock19,3,56.3,4,1.075,52.5,15
NY168,Hancock19,3,55.1,6,1.075,53,15
NY169,Hancock19,3,53.5,6,1.084,57.6,15
NYOR14Q9-5,Hancock19,3,48.3,5,1.064,57.2,14
NYOR14Q9-9,Hancock19,3,59.1,5,1.074,41,15
NYORN18-1,Hancock19,3,48,4,1.069,45.6,15
NYORN6-8,Hancock19,3,86,5,1.074,51.5,15
NYORQ6-6,Hancock19,3,50.5,3,1.077,48.2,15
NYQ106-13,Hancock19,3,64.3,7,1.079,54.4,15
NYQ23-4,Hancock19,3,51.7,4,1.077,56.9,15
NYQ29-1,Hancock19,3,62.5,4,1.077,58.7,15
NYQ29-2,Hancock19,3,61.1,5,1.08,50.1,15
NYQ37-1,Hancock19,3,74.6,6,1.085,58.7,15
NYQ38-4,Hancock19,3,77.8,4,1.076,53.7,15
Snowden,Hancock19,3,63.8,8,1.078,59.1,15
W12078-76,Hancock19,3,42,5,1.088,58.6,14
W12078-76,Hancock19,3,50.3,4,1.084,58,15
W14183-2,Hancock19,3,56.9,5,1.071,48.9,15
W14186-21,Hancock19,3,44.3,6,1.074,47.6,15
W14AF6037-5,Hancock19,3,46.9,4,1.072,46.3,15
W14NYQ104-4,Hancock19,3,58.2,7,1.07,49.4,13
W14NYQ104-4,Hancock19,3,40.4,6,1.073,54.7,14
W14NYQ28-3,Hancock19,3,61.9,5,1.066,57,14
W14NYQ28-3,Hancock19,3,58.9,5,1.069,61.5,15
W14NYQ29-5,Hancock19,3,66.1,5,1.077,54.5,15
W14NYQ29-5,Hancock19,3,64.7,7,1.08,54.6,15
W14NYQ4-1,Hancock19,3,64.4,5,1.074,52.3,15
W14NYQ4-1,Hancock19,3,60.5,4,1.075,58,15
WAF15133-3,Hancock19,3,51.8,5,1.082,58.4,15
WAF15195-3,Hancock19,3,62.1,0,1.07,44.3,14
AC11453-7W,Hancock19,4,48.4,5,1.081,56.5,15
AC11494-6W,Hancock19,4,53.6,8,1.081,56.5,15
AF5933-4,Hancock19,4,38.3,3,1.077,56.4,15
AF6030-1,Hancock19,4,53.2,4,1.071,58.1,14
AF6031-2,Hancock19,4,49.2,5,1.079,56.9,13
AF6034-1,Hancock19,4,43.6,5,1.078,53.5,15
AF6192-3,Hancock19,4,61.9,5,1.078,50.1,15
AF6232-1,Hancock19,4,56.5,2,1.074,50.7,15
AF6241-4,Hancock19,4,25.4,7,1.089,56.1,11
Atlantic,Hancock19,4,55.3,5,1.085,46.4,15
B2904-2,Hancock19,4,47.5,5,1.079,51.9,15
B3306-2,Hancock19,4,40.9,4,1.083,49.2,15
B3317-1,Hancock19,4,46.9,4,1.082,49.1,15
BNC726-5,Hancock19,4,51.7,4,1.084,48,15
CO12235-3W,Hancock19,4,47.9,4,1.075,49.1,15
CO12428-2W,Hancock19,4,35.7,5,1.078,50.6,15
COOR13270-2,Hancock19,4,37.9,4,1.077,57.5,14
Hodag,Hancock19,4,73.1,6,1.076,59.9,15
Lamoka,Hancock19,4,59.5,4,1.082,57.1,15
MSAA036-03,Hancock19,4,44.1,4,1.07,48.5,15
MSAA036-09,Hancock19,4,NA,6,1.066,51,3
MSAA038-09Y,Hancock19,4,66.1,8,1.071,43.3,14
MSAA038-09Y,Hancock19,4,69.4,8,1.071,42.8,15
MSAA072-04,Hancock19,4,47.7,6,1.084,52.4,15
MSAA091-01,Hancock19,4,51.2,4,1.078,49.5,15
MSAA100-01,Hancock19,4,44.9,4,1.062,42.8,15
MSAA241-01,Hancock19,4,48.3,4,1.07,51.6,15
MSAA241-01,Hancock19,4,47.2,4,1.072,46.2,15
MSAA252-07,Hancock19,4,73.7,4,1.074,41.5,15
MSAA260-03,Hancock19,4,60.1,5,1.079,54.2,15
MSAA260-03,Hancock19,4,44.7,5,1.075,51.1,15
MSAA290-02,Hancock19,4,63.1,6,1.069,46.6,15
MSAA311-1,Hancock19,4,43.3,3,1.075,49.1,15
MSAA324-04,Hancock19,4,59.6,5,1.071,52.7,15
MSAA342-11Y,Hancock19,4,58.7,4,1.067,50.9,15
MSAA373-3,Hancock19,4,63.1,6,1.087,51.3,14
MSAA373-3,Hancock19,4,65.8,8,1.094,50.4,14
MSAFB605-4,Hancock19,4,53.3,7,1.077,55.4,15
MSAFB609-5,Hancock19,4,49.9,5,1.079,54.9,15
MSAFB609-5,Hancock19,4,51.4,4,1.075,51.3,15
MSAFB635-15,Hancock19,4,60.7,4,1.08,53.4,12
MSAFB635-15,Hancock19,4,53.6,6,1.083,55.9,15
MSAFB635-3,Hancock19,4,49.7,6,1.074,49.6,14
MSBB058-01,Hancock19,4,38.7,5,1.085,47.5,13
MSBB131-01,Hancock19,4,77.3,4,1.076,43.7,15
MSBB152-01,Hancock19,4,65.9,6,1.079,47.8,15
MSBB166-01,Hancock19,4,63.4,5,1.078,56.8,15
MSBB193-01,Hancock19,4,40,3,1.076,56.4,15
MSBB230-01,Hancock19,4,48.6,6,1.081,51.7,15
MSBB610-13,Hancock19,4,55.9,5,1.079,47.9,15
MSBB613-04,Hancock19,4,56.1,5,1.069,50.6,15
MSBB614-10,Hancock19,4,50.7,3,1.077,52.9,14
MSBB617-02,Hancock19,4,54.7,5,1.071,44.8,13
MSBB625-02,Hancock19,4,32.1,5,1.078,47.9,14
MSBB626-11,Hancock19,4,67.6,5,1.079,48.9,15
MSBB636-11,Hancock19,4,61.9,5,1.073,58.1,15
MSCC129-02,Hancock19,4,46,7,1.069,51.5,15
MSCC129-04,Hancock19,4,36.7,4,1.074,54.2,13
MSCC246-07,Hancock19,4,NA,4,1.072,51.8,3
MSCC248-02,Hancock19,4,34.4,6,1.075,48.5,13
ND124C-1,Hancock19,4,53.2,4,1.08,54.4,15
ND13217C-1,Hancock19,4,26.5,7,1.084,44.8,15
ND13220C-3,Hancock19,4,67.7,5,1.082,55.7,15
ND13221C-3,Hancock19,4,30,3,1.068,53.9,15
ND1328YABC-1,Hancock19,4,63.9,6,1.077,52,15
ND1328YABC-1,Hancock19,4,67.9,8,1.087,56.8,15
NDAF14477C-2,Hancock19,4,47.5,4,1.075,39.9,15
NDAF14477C-7,Hancock19,4,36.7,4,1.079,49.4,14
NDTX1246-5W/Y,Hancock19,4,63.3,4,1.08,49.1,15
NDTX1246-5W/Y,Hancock19,4,66.2,5,1.078,52.1,15
NDTX14362AB-1W,Hancock19,4,44.8,6,1.079,55.4,15
NY168,Hancock19,4,53.3,6,1.08,58.7,15
NY169,Hancock19,4,59.1,5,1.088,57.7,14
NY170,Hancock19,4,55.9,5,1.089,54.6,15
NY170,Hancock19,4,48.3,6,1.084,55.6,15
NYOR14Q9-5,Hancock19,4,50.9,5,1.071,59.8,14
NYOR14Q9-9,Hancock19,4,50.1,6,1.076,42.3,13
NYORN41-5,Hancock19,4,64.5,5,1.086,55.9,15
NYORQ2-2,Hancock19,4,57.7,6,1.074,54.8,15
NYORQ6-3,Hancock19,4,32.2,6,1.07,57.4,15
NYQ36-6,Hancock19,4,53.7,5,1.087,56.6,15
Snowden,Hancock19,4,58.7,5,1.078,54.6,15
W13058-4,Hancock19,4,54.2,5,1.086,49.9,15
W13058-4,Hancock19,4,49.5,6,1.091,54.2,15
W14183-2,Hancock19,4,55.2,6,1.075,51.9,14
W14184-5,Hancock19,4,46.7,4,1.08,56.2,15
W14184-5,Hancock19,4,49.5,5,1.08,51,15
W14184-7,Hancock19,4,48.6,5,1.075,56.6,15
W14184-7,Hancock19,4,49.1,6,1.081,48.1,15
W14186-21,Hancock19,4,39,5,1.07,44.1,15
W14187-2,Hancock19,4,48.8,6,1.082,51.8,15
W14187-2,Hancock19,4,43.1,5,1.075,52.6,15
W14AF5949-2,Hancock19,4,57.9,4,1.079,39,15
W14AF5949-2,Hancock19,4,60,4,1.076,40.6,15
W14AF6037-5,Hancock19,4,45.7,5,1.077,47.7,15
W14NYQ9-2,Hancock19,4,75.6,6,1.077,49.8,15
W14NYQ9-2,Hancock19,4,66,5,1.076,52.3,15
WAF14067-6,Hancock19,4,49.6,6,1.077,56.8,15
Atlantic,Hancock20,1,58.1,5,1.068,NA,15
Hodag,Hancock20,1,60.8,6,1.075,NA,15
Lamoka,Hancock20,1,51.3,3,1.072,NA,15
Snowden,Hancock20,1,55.6,3,1.074,NA,15
W16091-5,Hancock20,1,56.7,4,1.074,NA,14
W16105-1,Hancock20,1,48.5,4,1.079,NA,15
W16130-15,Hancock20,1,54.7,4,1.067,NA,15
W16130-70,Hancock20,1,47.6,5,1.077,NA,15
W16133-35,Hancock20,1,61.8,5,1.076,NA,15
W16219-8,Hancock20,1,62.3,7,1.082,NA,15
W16NYS2-4,Hancock20,1,NA,3,1.075,NA,7
W17037-10,Hancock20,1,56.1,4,1.068,NA,15
W17037-11,Hancock20,1,35.6,5,1.071,NA,10
W17037-12,Hancock20,1,59.4,5,1.069,NA,15
W17037-13,Hancock20,1,55.5,4,1.069,NA,12
W17037-15,Hancock20,1,41.5,4,1.066,NA,12
W17037-16,Hancock20,1,58.1,4,1.078,NA,15
W17037-17,Hancock20,1,47.6,4,1.064,NA,14
W17037-20,Hancock20,1,26.4,4,1.069,NA,15
W17037-22,Hancock20,1,51,5,1.073,NA,15
W17037-24,Hancock20,1,44.7,3,1.069,NA,15
W17037-26,Hancock20,1,40.8,4,1.076,NA,15
W17037-34,Hancock20,1,53.8,4,1.061,NA,13
W17037-35,Hancock20,1,62.5,4,1.069,NA,15
W17037-40,Hancock20,1,63.6,4,1.062,NA,15
W17037-41,Hancock20,1,64.1,5,1.075,NA,15
W17037-43,Hancock20,1,46.7,3,1.081,NA,15
W17037-45,Hancock20,1,44.9,2,1.061,NA,15
W17037-49,Hancock20,1,43.6,3,1.078,NA,15
W17037-5,Hancock20,1,66.2,5,1.072,NA,15
W17037-6,Hancock20,1,41.9,4,1.076,NA,15
W17037-68,Hancock20,1,48.9,3,1.068,NA,14
W17037-69,Hancock20,1,43.6,4,1.071,NA,15
W17037-73,Hancock20,1,43,3,1.065,NA,15
W17037-8,Hancock20,1,52.4,4,1.066,NA,15
W17038-4,Hancock20,1,60.7,5,1.069,NA,15
W17039-1,Hancock20,1,52.8,3,1.064,NA,15
W17039-11,Hancock20,1,48.3,3,1.061,NA,15
W17039-15,Hancock20,1,45.4,3,1.079,NA,15
W17039-17,Hancock20,1,58.5,4,1.073,NA,15
W17039-18,Hancock20,1,38.9,3,1.072,NA,15
W17039-2,Hancock20,1,51.9,3,1.074,NA,15
W17039-30,Hancock20,1,47.1,5,1.08,NA,15
W17039-4,Hancock20,1,66.7,3,1.08,NA,15
W17039-44,Hancock20,1,70.2,3,1.081,NA,15
W17039-49,Hancock20,1,52.6,4,1.08,NA,15
W17039-5,Hancock20,1,61.2,4,1.066,NA,15
W17039-65,Hancock20,1,45.5,3,1.081,NA,14
W17039-68,Hancock20,1,49.7,4,1.082,NA,15
W17039-69,Hancock20,1,45.2,5,1.081,NA,14
W17039-7,Hancock20,1,64.8,3,1.079,NA,15
W17039-8,Hancock20,1,46.7,3,1.075,NA,15
W17040-3,Hancock20,1,46.2,4,1.075,NA,15
W17042-7,Hancock20,1,40.5,4,1.069,NA,14
W17043-37,Hancock20,1,65.3,3,1.076,NA,15
W17043-9,Hancock20,1,80.1,4,1.075,NA,15
W17044-12,Hancock20,1,54.7,4,1.078,NA,15
W17044-15,Hancock20,1,53.5,5,1.082,NA,15
W17044-2,Hancock20,1,44,3,1.071,NA,15
W17044-24,Hancock20,1,63.5,4,1.064,NA,15
W17044-25,Hancock20,1,47,4,1.069,NA,15
W17044-6,Hancock20,1,70.5,5,1.072,NA,15
W17044-9,Hancock20,1,80,3,1.072,NA,15
W17045-4,Hancock20,1,55.4,5,1.081,NA,15
W17047-15,Hancock20,1,62.4,5,1.068,NA,15
W17047-5,Hancock20,1,39.4,3,1.071,NA,13
W17049-10,Hancock20,1,62.8,4,1.082,NA,15
W17050-6,Hancock20,1,46.5,5,1.082,NA,13
W17050-7,Hancock20,1,46.4,3,1.071,NA,15
W17051-9,Hancock20,1,55.8,5,1.082,NA,15
W17052-15,Hancock20,1,52.2,4,1.073,NA,14
W17053-17,Hancock20,1,57.9,3,1.083,NA,15
W17055-4,Hancock20,1,45.4,4,1.076,NA,15
W17056-8,Hancock20,1,49,5,1.069,NA,14
W17057-44,Hancock20,1,48.2,3,1.068,NA,15
W17057-5,Hancock20,1,51.8,4,1.061,NA,15
W17060-24,Hancock20,1,43.2,5,1.078,NA,14
W17060-27,Hancock20,1,48.2,6,1.062,NA,15
W17062-11,Hancock20,1,38.8,4,1.083,NA,13
W17062-22,Hancock20,1,52.7,2,1.073,NA,15
W17064-19,Hancock20,1,51.9,5,1.083,NA,15
W17064-25,Hancock20,1,43.2,3,1.079,NA,15
W17064-7,Hancock20,1,36.8,2,1.074,NA,15
W17065-21,Hancock20,1,64.5,5,1.078,NA,14
W17066-1,Hancock20,1,57.2,4,1.082,NA,15
W17066-11,Hancock20,1,63.5,5,1.075,NA,15
W17066-22,Hancock20,1,58,5,1.073,NA,15
W17066-34,Hancock20,1,63.5,5,1.079,NA,14
W17067-1,Hancock20,1,73.1,5,1.075,NA,15
W17067-13,Hancock20,1,58.4,3,1.078,NA,15
W17067-27,Hancock20,1,62.3,6,1.081,NA,14
W17067-7,Hancock20,1,69,4,1.083,NA,15
W17AF6654-13,Hancock20,1,46.8,4,1.079,NA,15
W17AF6677-8,Hancock20,1,52.1,3,1.064,NA,15
W17AF6678-7,Hancock20,1,53,4,1.074,NA,15
W17AF6684-10,Hancock20,1,41.4,3,1.079,NA,15
W17AF6685-2,Hancock20,1,71.8,4,1.075,NA,15
Atlantic,Hancock20,2,51.9,5,1.071,NA,15
Hodag,Hancock20,2,66.2,6,1.076,NA,15
Lamoka,Hancock20,2,49.8,4,1.07,NA,15
Snowden,Hancock20,2,48,4,1.073,NA,15
W16091-5,Hancock20,2,52,4,1.072,NA,15
W16105-1,Hancock20,2,48.8,4,1.076,NA,15
W16130-15,Hancock20,2,55.4,4,1.065,NA,15
W16130-70,Hancock20,2,46.3,4,1.074,NA,15
W16133-35,Hancock20,2,62.8,4,1.08,NA,15
W16219-8,Hancock20,2,51.1,6,1.077,NA,15
W16NYS2-4,Hancock20,2,NA,4,1.077,NA,8
W17037-1,Hancock20,2,37.6,3,1.071,NA,15
W17037-18,Hancock20,2,72.8,5,1.075,NA,15
W17037-19,Hancock20,2,57.6,3,1.07,NA,15
W17037-2,Hancock20,2,53.7,3,1.067,NA,15
W17037-21,Hancock20,2,42.8,3,1.075,NA,15
W17037-28,Hancock20,2,49.1,3,1.066,NA,15
W17037-3,Hancock20,2,72.1,4,1.079,NA,15
W17037-55,Hancock20,2,69.1,4,1.071,NA,15
W17037-57,Hancock20,2,35.1,3,1.063,NA,15
W17037-62,Hancock20,2,47.9,4,1.066,NA,15
W17037-65,Hancock20,2,63.6,4,1.079,NA,15
W17037-7,Hancock20,2,50.7,4,1.071,NA,15
W17037-75,Hancock20,2,33.8,5,1.06,NA,15
W17037-77,Hancock20,2,61.1,4,1.072,NA,15
W17037-87,Hancock20,2,50.7,4,1.067,NA,15
W17037-89,Hancock20,2,41.7,4,1.08,NA,15
W17039-10,Hancock20,2,53.3,5,1.086,NA,15
W17039-12,Hancock20,2,68.1,5,1.063,NA,15
W17039-13,Hancock20,2,55.1,5,1.071,NA,15
W17039-14,Hancock20,2,44.9,3,1.068,NA,15
W17039-16,Hancock20,2,69,4,1.067,NA,15
W17039-19,Hancock20,2,62.3,4,1.081,NA,15
W17039-20,Hancock20,2,42.6,2,1.049,NA,14
W17039-21,Hancock20,2,60.2,3,1.075,NA,15
W17039-23,Hancock20,2,61.1,5,1.089,NA,15
W17039-24,Hancock20,2,70.6,6,1.068,NA,15
W17039-26,Hancock20,2,62.5,3,1.064,NA,15
W17039-27,Hancock20,2,36.2,3,1.069,NA,15
W17039-28,Hancock20,2,67,5,1.082,NA,15
W17039-29,Hancock20,2,61.2,5,1.079,NA,15
W17039-3,Hancock20,2,61.3,5,1.082,NA,15
W17039-31,Hancock20,2,68.4,6,1.077,NA,15
W17039-6,Hancock20,2,49.4,4,1.078,NA,15
W17039-73,Hancock20,2,68.3,3,1.069,NA,15
W17039-9,Hancock20,2,61.5,4,1.074,NA,15
W17041-3,Hancock20,2,42.5,3,1.069,NA,15
W17042-3,Hancock20,2,48.8,5,1.065,NA,13
W17042-4,Hancock20,2,48.9,4,1.068,NA,15
W17042-5,Hancock20,2,63.3,4,1.078,NA,15
W17042-8,Hancock20,2,50.8,5,1.071,NA,15
W17043-1,Hancock20,2,42.4,3,1.074,NA,14
W17043-21,Hancock20,2,63.9,5,1.083,NA,15
W17043-31,Hancock20,2,52.5,5,1.081,NA,15
W17044-13,Hancock20,2,55.4,4,1.072,NA,15
W17044-14,Hancock20,2,71.4,4,1.073,NA,15
W17044-5,Hancock20,2,45.7,4,1.076,NA,15
W17046-2,Hancock20,2,40.4,3,1.078,NA,15
W17046-3,Hancock20,2,43.9,4,1.082,NA,15
W17047-10,Hancock20,2,47,4,1.087,NA,15
W17047-11,Hancock20,2,49.2,4,1.084,NA,15
W17047-16,Hancock20,2,56.6,5,1.077,NA,15
W17047-6,Hancock20,2,56.4,5,1.093,NA,15
W17051-17,Hancock20,2,61.4,5,1.088,NA,15
W17052-18,Hancock20,2,48.9,5,1.076,NA,15
W17053-14,Hancock20,2,41.6,4,1.078,NA,15
W17053-18,Hancock20,2,48.2,4,1.07,NA,15
W17056-5,Hancock20,2,44.1,3,1.072,NA,15
W17057-16,Hancock20,2,45,4,1.072,NA,15
W17057-28,Hancock20,2,36.1,3,1.084,NA,15
W17057-3,Hancock20,2,43.2,3,1.064,NA,15
W17057-8,Hancock20,2,66.2,5,1.08,NA,15
W17058-5,Hancock20,2,37.1,4,1.08,NA,14
W17060-22,Hancock20,2,51.7,4,1.073,NA,15
W17060-30,Hancock20,2,47,4,1.077,NA,15
W17060-9,Hancock20,2,70.3,5,1.075,NA,15
W17062-1,Hancock20,2,55.7,4,1.07,NA,15
W17062-10,Hancock20,2,48.5,3,1.076,NA,15
W17062-17,Hancock20,2,38.8,3,1.074,NA,15
W17062-21,Hancock20,2,58.2,5,1.08,NA,15
W17062-26,Hancock20,2,51.1,4,1.076,NA,15
W17062-6,Hancock20,2,50.8,3,1.072,NA,15
W17063-8,Hancock20,2,63,4,1.078,NA,15
W17064-10,Hancock20,2,62.6,4,1.081,NA,15
W17064-20,Hancock20,2,58.9,6,1.077,NA,15
W17064-22,Hancock20,2,57.9,3,1.078,NA,14
W17064-27,Hancock20,2,41.1,3,1.072,NA,15
W17064-8,Hancock20,2,47.5,5,1.077,NA,15
W17065-11,Hancock20,2,59.7,6,1.092,NA,15
W17065-20,Hancock20,2,52.4,4,1.078,NA,15
W17065-8,Hancock20,2,64.2,5,1.071,NA,15
W17066-26,Hancock20,2,50.9,4,1.072,NA,15
W17066-30,Hancock20,2,66,4,1.079,NA,15
W17066-9,Hancock20,2,52.6,4,1.08,NA,14
W17067-26,Hancock20,2,56.2,4,1.069,NA,15
W17AF6654-15,Hancock20,2,37,4,1.069,NA,15
W17AF6670-1,Hancock20,2,59.8,5,1.073,NA,15
W17AF6686-6,Hancock20,2,56,4,1.068,NA,13
A13125-3C,Hancock20,3,60.1,5,1.071,NA,15
AF6200-4,Hancock20,3,65.2,5,1.077,NA,15
AOR12197-4,Hancock20,3,60.3,5,1.066,NA,14
AOR13136-4,Hancock20,3,77.5,8,1.059,NA,15
Atlantic,Hancock20,3,59.2,7,1.077,NA,15
ATX13134-3W/Y,Hancock20,3,53.6,4,1.073,NA,14
CO13232-11W,Hancock20,3,60.6,5,1.064,NA,15
CO13232-25W,Hancock20,3,67.1,5,1.07,NA,15
CO13232-5W,Hancock20,3,62.2,5,1.068,NA,15
COOR13270-2,Hancock20,3,73.3,5,1.073,NA,15
Hodag,Hancock20,3,62.3,8,1.073,NA,10
Lamoka,Hancock20,3,43.9,4,1.069,NA,15
MSAA076-6,Hancock20,3,58.1,6,1.082,NA,12
MSAA085-1,Hancock20,3,50.1,8,1.072,NA,15
MSAA091-1,Hancock20,3,42.9,5,1.07,NA,14
MSAA100-1,Hancock20,3,45.4,4,1.06,NA,15
MSAA217-3,Hancock20,3,49,5,1.081,NA,14
MSAA232-4,Hancock20,3,59.9,5,1.066,NA,14
MSAA275-3,Hancock20,3,58,5,1.065,NA,15
MSAA498-18,Hancock20,3,38,6,1.071,NA,15
MSAA513-01,Hancock20,3,51.8,4,1.073,NA,11
MSAFB605-4,Hancock20,3,43.5,8,1.069,NA,10
MSAFB609-12,Hancock20,3,49,5,1.077,NA,13
MSAFB609-5,Hancock20,3,57.3,6,1.064,NA,15
MSAFB635-15,Hancock20,3,65.9,6,1.074,NA,15
MSAFB635-3,Hancock20,3,67.5,5,1.064,NA,15
MSBB008-3,Hancock20,3,43.2,4,1.066,NA,13
MSBB018-1,Hancock20,3,54.6,6,1.069,NA,15
MSBB032-1,Hancock20,3,58.5,7,1.079,NA,15
MSBB038-1,Hancock20,3,53.4,6,1.066,NA,15
MSBB038-3,Hancock20,3,52.8,5,1.073,NA,14
MSBB047-1,Hancock20,3,64.8,5,1.071,NA,15
MSBB058-1,Hancock20,3,53.7,6,1.087,NA,15
MSBB067-02,Hancock20,3,43.2,4,1.071,NA,15
MSBB079-2,Hancock20,3,80.3,7,1.076,NA,15
MSBB131-01,Hancock20,3,64.4,6,1.067,NA,14
MSBB152-01,Hancock20,3,62.5,8,1.07,NA,15
MSBB190-1,Hancock20,3,51.7,5,1.062,NA,14
MSBB190-2,Hancock20,3,60.5,9,1.073,NA,12
MSBB193-1,Hancock20,3,51,4,1.078,NA,15
MSBB222-1,Hancock20,3,70.9,8,1.078,NA,13
MSBB230-01,Hancock20,3,70.6,4,1.081,NA,14
MSBB230-2,Hancock20,3,75.3,9,1.069,NA,15
MSBB610-13,Hancock20,3,53.8,6,1.066,NA,14
MSBB611-03,Hancock20,3,65.5,9,1.079,NA,13
MSBB614-10,Hancock20,3,32.7,6,1.067,NA,13
MSBB617-2,Hancock20,3,54.2,5,1.071,NA,15
MSBB618-9,Hancock20,3,52.3,7,1.065,NA,12
MSBB623-12,Hancock20,3,50.1,4,1.06,NA,12
MSBB625-2,Hancock20,3,56.8,5,1.081,NA,15
MSBB626-11,Hancock20,3,62.2,7,1.074,NA,15
MSBB633-18,Hancock20,3,59.4,8,1.069,NA,13
MSBB634-8,Hancock20,3,44.8,5,1.065,NA,13
MSBB635-14,Hancock20,3,76,5,1.063,NA,15
MSCC009-1,Hancock20,3,80.6,4,1.076,NA,15
MSCC058-1,Hancock20,3,59.1,7,1.072,NA,15
MSCC081-1,Hancock20,3,41.9,5,1.066,NA,11
MSCC168-1,Hancock20,3,54.8,3,1.063,NA,15
MSCC248-3,Hancock20,3,46.3,5,1.079,NA,13
MSCC256-02,Hancock20,3,38.1,5,1.07,NA,14
ND13220C-3,Hancock20,3,96.5,7,1.085,NA,15
NDTX1444-5W,Hancock20,3,48,4,1.069,NA,15
NY166,Hancock20,3,75.5,6,1.072,NA,15
NY169,Hancock20,3,66.6,7,1.079,NA,15
NYOR14Q9-5,Hancock20,3,56.4,8,1.066,NA,15
NYOR14Q9-9,Hancock20,3,72.9,7,1.079,NA,12
NYQ106-13,Hancock20,3,70.2,9,1.08,NA,15
NYQ29-1,Hancock20,3,59.7,5,1.072,NA,15
NYQ38-4,Hancock20,3,89.9,9,1.077,NA,15
NYR1-7,Hancock20,3,65.8,5,1.069,NA,15
NYR10-4,Hancock20,3,74.3,5,1.07,NA,15
NYR101-2,Hancock20,3,66.8,7,1.077,NA,15
NYR101-7,Hancock20,3,69.4,7,1.074,NA,15
NYR102-3,Hancock20,3,67.4,5,1.069,NA,15
NYR102-7,Hancock20,3,69.9,6,1.056,NA,14
NYR102-8,Hancock20,3,58.6,8,1.073,NA,14
NYR105-11,Hancock20,3,69,6,1.07,NA,15
NYR107-11,Hancock20,3,75.1,7,1.08,NA,15
NYR107-4,Hancock20,3,77,8,1.088,NA,15
NYR107-6,Hancock20,3,74.4,8,1.086,NA,15
NYR2-2,Hancock20,3,49.9,3,1.069,NA,15
NYR3-5,Hancock20,3,88.4,7,1.075,NA,15
NYR5-6,Hancock20,3,65.6,5,1.078,NA,15
Pike,Hancock20,3,50.1,8,1.077,NA,13
Snowden,Hancock20,3,58.6,8,1.073,NA,15
TX12484-3WZC,Hancock20,3,38,3,1.066,NA,15
W12078-76,Hancock20,3,47.8,8,1.082,NA,15
W14184-5,Hancock20,3,54.2,7,1.073,NA,13
W14187-2,Hancock20,3,43.1,4,1.071,NA,13
W14NYQ29-5,Hancock20,3,65,4,1.071,NA,15
W14NYQ4-1,Hancock20,3,56.6,6,1.077,NA,14
W14NYQ9-2,Hancock20,3,89.3,8,1.072,NA,15
W15125-4,Hancock20,3,64.5,7,1.067,NA,15
W15200-3,Hancock20,3,64.2,5,1.086,NA,15
W15NYR11-13,Hancock20,3,77,7,1.072,NA,15
W15NYR11-8,Hancock20,3,66.8,5,1.071,NA,14
W15NYR5-2,Hancock20,3,70,5,1.073,NA,15
AF6165-9,Hancock20,4,51.6,5,1.076,NA,12
AF6188-9,Hancock20,4,41.5,6,1.085,NA,14
AF6197-8,Hancock20,4,48.6,4,1.072,NA,15
AF6200-4,Hancock20,4,67.9,6,1.072,NA,15
AF6200-7,Hancock20,4,54.4,6,1.083,NA,15
AF6206-5,Hancock20,4,62,4,1.077,NA,14
AF6236-7,Hancock20,4,66.7,7,1.072,NA,15
AF6237-3,Hancock20,4,54.3,6,1.077,NA,14
AF6253-1,Hancock20,4,69.6,5,1.066,NA,15
AF6520-5,Hancock20,4,70.3,6,1.073,NA,15
AF6522-1,Hancock20,4,48.9,5,1.072,NA,14
AF6531-3,Hancock20,4,55.2,4,1.061,NA,14
AF6542-1,Hancock20,4,55.2,6,1.083,NA,13
AF6550-2,Hancock20,4,67.9,4,1.076,NA,14
AF6551-1,Hancock20,4,40,4,1.067,NA,15
AF6602-3,Hancock20,4,71.8,4,1.068,NA,14
AF6603-5,Hancock20,4,80,8,1.079,NA,15
AF6614-4,Hancock20,4,64.2,7,1.076,NA,14
AF6616-1,Hancock20,4,67.5,7,1.076,NA,15
AF6616-4,Hancock20,4,66.9,8,1.083,NA,15
AOR12197-4,Hancock20,4,58.9,7,1.066,NA,15
AOR13124-6,Hancock20,4,51.9,5,1.073,NA,15
AOR13136-4,Hancock20,4,73.8,5,1.056,NA,15
AOR13137-2,Hancock20,4,76,7,1.071,NA,15
Atlantic,Hancock20,4,53,6,1.071,NA,15
B2904-2,Hancock20,4,68,7,1.071,NA,15
B3012-1,Hancock20,4,51.4,2,1.07,NA,15
B3296-3,Hancock20,4,51.6,6,1.078,NA,15
B3306-2,Hancock20,4,49.2,5,1.067,NA,14
B3317-1,Hancock20,4,58.5,5,1.078,NA,15
B3378-3,Hancock20,4,52.2,4,1.075,NA,14
B3379-6,Hancock20,4,67.3,6,1.076,NA,15
B3381-2,Hancock20,4,44,2,1.085,NA,15
B3381-4,Hancock20,4,58,5,1.085,NA,15
B3388-3,Hancock20,4,48.5,2,1.07,NA,15
BNC549-1,Hancock20,4,43.8,4,1.074,NA,15
BNC726-5,Hancock20,4,39.4,7,1.062,NA,13
BNC742-2,Hancock20,4,47.4,3,1.071,NA,14
BNC811-9,Hancock20,4,53.6,6,1.073,NA,15
COOR13270-2,Hancock20,4,63.8,7,1.072,NA,15
Hodag,Hancock20,4,56.6,8,1.073,NA,14
Lamoka,Hancock20,4,48.9,6,1.076,NA,14
MSAA091-1,Hancock20,4,44.2,5,1.069,NA,14
MSAA217-3,Hancock20,4,59.3,5,1.083,NA,15
MSAA498-18,Hancock20,4,37.5,5,1.071,NA,14
MSAA513-01,Hancock20,4,51.6,7,1.07,NA,13
MSAFB605-4,Hancock20,4,37.3,7,1.069,NA,14
MSAFB609-12,Hancock20,4,49.4,6,1.076,NA,15
MSAFB609-5,Hancock20,4,59.4,5,1.071,NA,15
MSAFB635-15,Hancock20,4,65.4,7,1.073,NA,15
MSAFB635-3,Hancock20,4,58.7,5,1.067,NA,15
MSBB067-02,Hancock20,4,35.6,4,1.069,NA,15
MSBB131-01,Hancock20,4,58.9,5,1.065,NA,14
MSBB230-01,Hancock20,4,55.1,7,1.079,NA,15
MSBB611-03,Hancock20,4,55.7,6,1.076,NA,15
MSBB626-11,Hancock20,4,69,7,1.075,NA,15
MSCC266-1,Hancock20,4,44,4,1.062,NA,15
MSCC376-1,Hancock20,4,34.8,6,1.066,NA,14
MSDD085-13,Hancock20,4,42.7,5,1.071,NA,15
MSX194-3,Hancock20,4,34.7,4,1.058,NA,13
MSX472-2,Hancock20,4,46.5,4,1.063,NA,15
MSZ248-02,Hancock20,4,67.7,7,1.062,NA,13
MSZ248-10,Hancock20,4,28.5,9,1.073,NA,15
NC727-6,Hancock20,4,33.2,5,1.081,NA,14
NC733-7,Hancock20,4,54.5,5,1.072,NA,13
NC744-4,Hancock20,4,48.8,5,1.08,NA,14
ND13220C-3,Hancock20,4,85.4,6,1.083,NA,14
ND1336-5,Hancock20,4,63.9,3,1.062,NA,15
ND14134Y-3,Hancock20,4,39.4,3,1.067,NA,15
ND1462ABC-1a,Hancock20,4,59.5,5,1.064,NA,15
NDOR13317CB-2,Hancock20,4,72.3,5,1.06,NA,14
NDOR13320CAB-2,Hancock20,4,47.7,4,1.073,NA,15
NDOR1480Y-3,Hancock20,4,46.4,5,1.073,NA,14
NY166,Hancock20,4,74.8,7,1.071,NA,15
NY169,Hancock20,4,62,4,1.077,NA,15
NYOR14Q9-5,Hancock20,4,62.5,7,1.062,NA,14
NYOR14Q9-9,Hancock20,4,69.4,7,1.075,NA,14
NYORN41-5,Hancock20,4,57.5,6,1.082,NA,15
NYQ106-13,Hancock20,4,70.8,5,1.081,NA,15
NYQ29-1,Hancock20,4,70.4,4,1.071,NA,15
NYQ38-4,Hancock20,4,86.7,9,1.08,NA,15
Pike,Hancock20,4,55.9,8,1.079,NA,13
Snowden,Hancock20,4,57.9,5,1.071,NA,15
W12078-76,Hancock20,4,57.2,7,1.08,NA,15
W14184-5,Hancock20,4,51.4,6,1.079,NA,14
W14187-2,Hancock20,4,45,5,1.073,NA,15
W14NYQ29-5,Hancock20,4,58.5,5,1.071,NA,15
W14NYQ4-1,Hancock20,4,45.4,6,1.077,NA,14
W14NYQ9-2,Hancock20,4,74,8,1.075,NA,15
W15125-4,Hancock20,4,72,5,1.071,NA,15
W15200-3,Hancock20,4,52.4,5,1.082,NA,15
W15NYR11-13,Hancock20,4,69.4,7,1.078,NA,15
W15NYR11-8,Hancock20,4,62.3,8,1.073,NA,14
W15NYR5-2,Hancock20,4,70.5,6,1.069,NA,15
WAF15133-3,Hancock20,4,53.6,5,1.071,NA,15
WAF15184-4,Hancock20,4,48,5,1.079,NA,15
WAF15204-4,Hancock20,4,55.4,8,1.073,NA,13
WAF15221-2,Hancock20,4,60.1,8,1.067,NA,15